﻿16/06/2017,12:00:29,+380679775860,+380679775860,Привет. Прошу Олю с мая месяца на пантач. Она мне все интенсивны тулит.  Говорю - хочу индивидуальных занятий. Знаешь что ответила... Дословно
16/06/2017,12:00:50,+380679775860,+380679775860,Я думаю, как это правильно организовать, надо, как минимум 3 занятия.
16/06/2017,12:01:07,+380679775860,+380679775860,Должна случиться заново энергетическая переустановка связи с этой практикой
16/06/2017,12:01:19,+380679775860,+380679775860,(crazy)(crazy)(crazy)
16/06/2017,12:02:58,+380679775860,+380679775860,Красиво сказала, не подкопаешься. Только чего то рейки никакой перезагрузки ни требует, а это. Сколько Шаур будет выдумывать столько и переподключайся (not_sure)
16/06/2017,14:15:11,Я,+447481972607,Хозяин барин
16/06/2017,14:18:45,Я,+447481972607,Не красиво конечно так внахалку  тянуть гроши они уже действительно меру перебирают но у нас есть выбор не ходит и не получать их уровни кстати Люда у них была рисовала все им то так и сделала ушла к мастеру который учил Шаура он говорят берет деньги но не за каждый чих
16/06/2017,20:52:02,+380679775860,+380679775860,Как бы найти этого мастера?
16/06/2017,20:52:50,Я,+447481972607,Он в Киеве
16/06/2017,20:52:55,Я,+447481972607,Ананд
16/06/2017,20:53:09,Я,+447481972607,У меня в друзьях в Фейсбуке
16/06/2017,20:53:43,Я,+447481972607,Ананд Синаджар кажется так
16/06/2017,20:54:03,Я,+447481972607,Он сейчас в Индии в ашраме
16/06/2017,20:54:23,Я,+447481972607,Еще у нас в Ровно есть Татьяна Музычка
16/06/2017,20:54:50,+380679775860,+380679775860,Меня интересует сантач
16/06/2017,20:55:59,Я,+447481972607,Ученица Шаура учительница Ольги тоже к нему ушла у нее и все ровно сантача она в конфликте с Шауром из за десяти и Ананд тоже против  этого
16/06/2017,20:56:52,Я,+447481972607,Ну Шаур претне дает на изобретение сантача так что если именно это надо то смиряй гордые и иди к нему
16/06/2017,21:00:15,+380679775860,+380679775860,Татьяна практикует сантач?
16/06/2017,21:52:19,Я,+447481972607,Ну да я думаю он ее учил но потом получил и уже нового она не проходила
18/06/2017,09:21:50,+380679775860,+380679775860,Мажу лицо кремом. Макар - ты зачем это делаешь, чтоб не засохнуть?
18/06/2017,09:22:19,+380679775860,+380679775860,Стикер
18/06/2017,10:23:26,Я,+447481972607,Юморист
09/12/2017,19:31:11,Я,+447481972607,Записывай
