﻿02/08/2017,10:07:51,Anastasia,+79131980321,Здравствуйте! 😊
02/08/2017,10:08:04,Anastasia,+79131980321,Сейчас фото отправлю))
02/08/2017,10:09:19,Anastasia,+79131980321,Фото
02/08/2017,10:09:19,Anastasia,+79131980321,Фото
02/08/2017,10:09:20,Anastasia,+79131980321,Фото
02/08/2017,10:09:20,Anastasia,+79131980321,Фото
02/08/2017,10:09:20,Anastasia,+79131980321,Фото
02/08/2017,10:09:20,Anastasia,+79131980321,Фото
02/08/2017,10:09:21,Anastasia,+79131980321,Фото
02/08/2017,10:09:23,Anastasia,+79131980321,Фото
02/08/2017,10:09:24,Anastasia,+79131980321,Фото
02/08/2017,10:09:26,Anastasia,+79131980321,Фото
02/08/2017,10:09:42,Anastasia,+79131980321,Фото
02/08/2017,10:09:42,Anastasia,+79131980321,Фото
02/08/2017,10:09:42,Anastasia,+79131980321,Фото
02/08/2017,10:09:45,Anastasia,+79131980321,Фото
02/08/2017,10:10:28,Anastasia,+79131980321,Видео
02/08/2017,12:04:01,Я,+447481972607,Привет! Спасибо за фото.Хорошие воспоминания. Как дорога?
02/08/2017,12:05:51,Anastasia,+79131980321,И у меня тоже! Ещё обязательно приеду и сходим снова, теперь уже заранее забронировав 😂 дорога из Москвы тяжёлая была, но уже все хорошо. Посмотрела на Швейцарию из самолёта, очень красиво 😊
02/08/2017,12:07:35,Я,+447481972607,Прекрасно! Швейцария у вас еще впереди😀
02/08/2017,12:07:49,Я,+447481972607,Хорошего продолжения лета!
02/08/2017,12:08:38,Anastasia,+79131980321,Спасибо! И вам. Надеюсь скоро увидимся снова 😊
02/08/2017,12:09:54,Я,+447481972607,Будет приятно😘
18/08/2017,21:07:38,Я,+447481972607,Фото
18/08/2017,21:07:48,Я,+447481972607,Не прошло и месяца
18/08/2017,21:07:53,Я,+447481972607,Захотелось
18/08/2017,21:08:04,Я,+447481972607,Спасибо за рецепт
18/08/2017,21:08:38,Anastasia,+79131980321,😍
18/08/2017,21:08:42,Anastasia,+79131980321,Я рада!
18/08/2017,21:08:47,Anastasia,+79131980321,У меня ещё много
18/08/2017,21:09:01,Anastasia,+79131980321,В сентябре приеду, поделюсь 😊
18/08/2017,21:09:06,Anastasia,+79131980321,Как ваши дела?
18/08/2017,21:10:32,Я,+447481972607,Все отлично! До скорой встречи!
18/08/2017,21:11:02,Anastasia,+79131980321,Я очень жду 😊 жилье ещё не сняла, но скоро займусь)
21/08/2017,10:10:44,Я,+447481972607,[{"Type":""},{"Type":""},{"Action":{"name":"openurl","parameters":{"type":"regular","external":"true","url":"https:\/\/www.youtube.com\/watch?v=2BT9yRk35wA"}},"Type":"vdo","ThumbnailHeight":225,"ThumbnailWidth":400,"ThumbnailUrl":"https:\/\/i.ytimg.com\/vi\/2BT9yRk35wA\/hqdefault.jpg"},{"Type":""},{"Action":{"name":"openurl","parameters":{"type":"regular","external":"true","url":"https:\/\/www.youtube.com\/watch?v=2BT9yRk35wA"}},"Type":"txt","Color":1470418,"Size":1,"Underline":"true","MaxLinesNumber":2,"Text":"Americas Got Talent 2017 Light Balance of Ukraine got Tyra Bank's first golden buzzer","TextSpans":"no_sp"},{"Action":{"name":"openurl","parameters":{"type":"regular","external":"true","url":"https:\/\/www.youtube.com\/watch?v=2BT9yRk35wA"}},"Type":"txt","Color":8553090,"Size":1,"Text":"youtube.com","TextSpans":"no_sp"},{"Type":"info","PushText":"https:\/\/www.youtube.com\/watch?v=2BT9yRk35wA","PreviewText":"https:\/\/www.youtube.com\/watch?v=2BT9yRk35wA"}]
21/08/2017,10:10:56,Я,+447481972607,Для настроения😉
21/08/2017,10:39:17,Anastasia,+79131980321,Классно, спасибо! 😊
21/08/2017,10:41:43,Anastasia,+79131980321,Видео
21/08/2017,10:41:46,Anastasia,+79131980321,Я тут на свадьбе была, смотрите как красиво ☺
21/08/2017,12:33:04,Я,+447481972607,Очень романтично! Себе так хочешь на свадьбу?
21/08/2017,12:39:38,Anastasia,+79131980321,У них очень масштабно и дорого получилось, а мне выходить не за кого 😅
21/08/2017,12:40:32,Я,+447481972607,Найдется за кого. Была бы шея...😂😂😂😂
21/08/2017,12:41:07,Anastasia,+79131980321,Поживем увидим 😊
21/08/2017,12:41:30,Anastasia,+79131980321,Фото
21/08/2017,12:42:17,Я,+447481972607,К гадалке не ходи скоро выйдешь 😉
21/08/2017,12:43:07,Anastasia,+79131980321,Какой там, он даже встретиться не хочет, не говоря уже о свадьбе
21/08/2017,12:43:26,Я,+447481972607,Ты самая элегантная😚
21/08/2017,12:43:54,Anastasia,+79131980321,Спасибо (heart)
23/08/2017,10:46:41,Anastasia,+79131980321,Доброе утро! Хорошего дня (smiley)
23/08/2017,14:03:12,Я,+447481972607,Взаимно😉
28/08/2017,09:56:09,Anastasia,+79131980321,Наталья, фиолетовый цвет Вам очень к лицу (happy)
28/08/2017,10:04:09,Я,+447481972607,Ой, спасибо, действительно интересный цвет я первый раз в таком и с вереском сочетается!!!
28/08/2017,10:04:58,Anastasia,+79131980321,Да, очень красиво, один из моих любимых цветов(smiley)
28/08/2017,10:23:38,Я,+447481972607,Путешествие
28/08/2017,10:23:26,Я,+447481972607,Фото
28/08/2017,10:23:26,Я,+447481972607,Фото
28/08/2017,10:23:26,Я,+447481972607,Фото
28/08/2017,10:23:26,Я,+447481972607,Фото
28/08/2017,10:23:26,Я,+447481972607,Фото
28/08/2017,10:23:26,Я,+447481972607,Фото
28/08/2017,10:23:26,Я,+447481972607,Фото
28/08/2017,10:23:26,Я,+447481972607,Фото
28/08/2017,10:23:59,Я,+447481972607,В Lake District
28/08/2017,10:25:14,Anastasia,+79131980321,Как красиво!!! 😍😍😍
28/08/2017,10:25:39,Anastasia,+79131980321,Это вы недавно ездили? (smiley)
28/08/2017,10:26:53,Anastasia,+79131980321,Виды невероятные
28/08/2017,10:30:39,Я,+447481972607,Это я сейчас здесь нахожусь
28/08/2017,10:31:47,Я,+447481972607,Я уехала в тот день ее Герасим приехал. Сегодня возвращаюсь. Тут правда невероятно красиво и природа и дома и все вокруг!!!
28/08/2017,10:32:20,Я,+447481972607,Фото
28/08/2017,10:32:20,Я,+447481972607,Фото
28/08/2017,10:32:20,Я,+447481972607,Фото
28/08/2017,10:32:20,Я,+447481972607,Фото
28/08/2017,10:32:20,Я,+447481972607,Фото
28/08/2017,10:32:20,Я,+447481972607,Фото
28/08/2017,10:32:20,Я,+447481972607,Фото
28/08/2017,10:32:20,Я,+447481972607,Фото
28/08/2017,10:32:24,Я,+447481972607,Фото
28/08/2017,10:32:37,Anastasia,+79131980321,Здорово вообще, отдохнуть от города на природе!
28/08/2017,10:32:41,Я,+447481972607,Фото
28/08/2017,10:32:48,Я,+447481972607,Именно
28/08/2017,10:33:11,Anastasia,+79131980321,Очень красиво, я обязательно это место запомню, чтобы тоже посетить!
28/08/2017,10:33:23,Anastasia,+79131980321,Хотя я уже по Лондону соскучилась 😊
28/08/2017,10:34:00,Я,+447481972607,Фото
28/08/2017,10:34:00,Я,+447481972607,Фото
28/08/2017,10:34:00,Я,+447481972607,Фото
28/08/2017,10:34:08,Я,+447481972607,Отель
28/08/2017,10:34:56,Я,+447481972607,А я чё то по Лондону не соскучилась, мне здесь очень хорошо
28/08/2017,10:35:19,Я,+447481972607,Хотя я люблю Лондон за его возможности
28/08/2017,10:36:11,Anastasia,+79131980321,На природу надо периодически выезжать, я тоже долго не могу в городе сидеть, у нас ещё очень воздух грязный, дышать вообще невозможно...
28/08/2017,10:36:27,Anastasia,+79131980321,Сейчас хотя бы дожди прошли, стало лучше
28/08/2017,10:37:01,Anastasia,+79131980321,Но машину мне залило (happycry) и я больше не езжу на ней))
28/08/2017,10:40:19,Anastasia,+79131980321,Фото
28/08/2017,10:41:00,Я,+447481972607,Стикер
28/08/2017,10:41:02,Я,+447481972607,Тоже ничего
28/08/2017,10:42:14,Я,+447481972607,Ок я рулю в поход вечером будут фото
28/08/2017,10:42:41,Anastasia,+79131980321,Буду ждать, снимайте побольше! И видео! 😊
28/08/2017,10:45:54,Я,+447481972607,Фото
28/08/2017,10:46:00,Я,+447481972607,Креатив
28/08/2017,10:55:47,Anastasia,+79131980321,Класс (happy)
28/08/2017,23:29:29,Я,+447481972607,Фото
28/08/2017,23:29:29,Я,+447481972607,Фото
28/08/2017,23:29:29,Я,+447481972607,Фото
28/08/2017,23:29:29,Я,+447481972607,Фото
28/08/2017,23:29:29,Я,+447481972607,Фото
28/08/2017,23:29:29,Я,+447481972607,Фото
28/08/2017,23:29:29,Я,+447481972607,Фото
29/08/2017,00:17:28,Anastasia,+79131980321,Как хорошо и умиротворенно 😊
29/08/2017,00:21:20,Anastasia,+79131980321,Здорово, что вы путешествуете! Я очень за Вас рада (heart)
29/08/2017,00:23:37,Я,+447481972607,Я тоже рада путешествовать. Сейчас уже дома с Герасимом разговариваем впервые после его возвращения
29/08/2017,00:25:28,Anastasia,+79131980321,Тогда не отвлекаю (smiley)
29/08/2017,08:03:40,Anastasia,+79131980321,Так захотелось сладкого (ugh)
29/08/2017,08:03:46,Anastasia,+79131980321,Фото
29/08/2017,10:07:33,Я,+447481972607,Ааааа тебе тоже
29/08/2017,10:07:43,Я,+447481972607,Фото
29/08/2017,10:08:27,Я,+447481972607,А у нас хозяин отеля пек торты и угощал все
29/08/2017,10:23:12,Anastasia,+79131980321,Здорово, красивый торт! Я так не умею (laugh)
29/08/2017,12:34:44,Я,+447481972607,Этот был вкусный а вообще у них больше красивая выпечка чем вкусная
29/08/2017,12:35:45,Anastasia,+79131980321,Это да (inlove)
29/08/2017,12:36:04,Anastasia,+79131980321,Фото
29/08/2017,12:36:16,Anastasia,+79131980321,Это мы с Герасимом ходили в Covent garden (smiley)
29/08/2017,12:36:37,Anastasia,+79131980321,Все так красиво и аппетитно
31/08/2017,07:39:47,Я,+447481972607,Despacito Remix.mp3
31/08/2017,07:40:04,Я,+447481972607,Доброе утро!
31/08/2017,07:40:37,Anastasia,+79131980321,Доброе утро! (smiley)
31/08/2017,07:40:58,Anastasia,+79131980321,Сегодня мне открытка пришла из Испании, прямо испанское утро (happy)
31/08/2017,07:41:38,Я,+447481972607,Стикер
31/08/2017,07:42:12,Anastasia,+79131980321,Как у вас дела? (smiley)
31/08/2017,07:42:28,Я,+447481972607,Двигаемся
31/08/2017,07:42:58,Я,+447481972607,Все Супер!
31/08/2017,07:43:05,Я,+447481972607,Стикер
31/08/2017,07:43:48,Anastasia,+79131980321,Отлично (happy)
31/08/2017,07:44:20,Я,+447481972607,Фото
31/08/2017,07:44:46,Я,+447481972607,Лондонского туману тебе передам
31/08/2017,07:45:11,Anastasia,+79131980321,(inlove) уже все по-осеннему выглядит
31/08/2017,07:45:50,Anastasia,+79131980321,Я надеюсь ещё застать тёплые деньки, как приеду)
31/08/2017,07:49:23,Anastasia,+79131980321,Но мне кажется это сильно оптимистично (laugh)
31/08/2017,07:49:50,Я,+447481972607,Ну и не замерзнешь🤣
31/08/2017,07:51:36,Anastasia,+79131980321,В Sky garden пойдем? (happy)
31/08/2017,07:53:24,Я,+447481972607,Придумаем чё нибудь поинтересней
31/08/2017,07:54:01,Я,+447481972607,Стикер
31/08/2017,07:54:01,Я,+447481972607,Стикер
31/08/2017,07:54:02,Я,+447481972607,Стикер
31/08/2017,07:55:28,Anastasia,+79131980321,Фото
31/08/2017,07:55:37,Anastasia,+79131980321,В театр сходим (smiley)
31/08/2017,07:55:57,Я,+447481972607,И не только. Жизнь бурлит
31/08/2017,07:56:26,Anastasia,+79131980321,Жду не могу дождаться (happy)
31/08/2017,07:57:31,Я,+447481972607,Герасим хочет переселиться будет свободно койко-место
31/08/2017,07:58:02,Anastasia,+79131980321,Я вот ищу жилье как раз...
31/08/2017,07:58:08,Anastasia,+79131980321,Когда он съезжает?
31/08/2017,07:58:21,Anastasia,+79131980321,Мы с ним совсем не общаемся, я даже не знала, когда он был в Красноярске
31/08/2017,07:58:58,Я,+447481972607,Он и сам не знает когда. Когда устаканится с учебой
31/08/2017,08:02:49,Anastasia,+79131980321,Ну да, логично)
08/09/2017,15:41:01,Anastasia,+79131980321,Фото
08/09/2017,15:41:03,Anastasia,+79131980321,Ну я за старое)
08/09/2017,16:32:53,Я,+447481972607,Wow!
12/09/2017,10:29:48,Anastasia,+79131980321,Доброе утро) хорошего вам дня! Как с погодой у вас?) Начинаю собираться понемногу (smiley)
12/09/2017,11:01:15,Я,+447481972607,Привет! По утрам холодно а днем тепло, обычная Лондонская осень😊
12/09/2017,11:02:05,Anastasia,+79131980321,И у нас так, хожу в куртке)
16/09/2017,10:25:02,Anastasia,+79131980321,Здравствуйте) 1 октября прилечу) надеюсь, у вас будет свободное время увидеться (smiley)
16/09/2017,11:49:29,Я,+447481972607,Я в ночь с 1го на 2е улетаю в Украину. Прилечу 8го если еще будешь в Лондоне увидимся
16/09/2017,11:50:06,Anastasia,+79131980321,Буду)
21/09/2017,15:33:09,Anastasia,+79131980321,Фото
21/09/2017,17:37:15,Я,+447481972607,Красивая девушка одиноко сидит на оригинальной скамеечке! А у нас осенью и не пахнет, просто как всегда пасмурно и дождь, а зелень вся зеленая тут круглый год
21/09/2017,17:42:41,Anastasia,+79131980321,На выходных постараюсь вам красивые пейзажи осенние заснять (smiley)
21/09/2017,17:44:44,Anastasia,+79131980321,Пойду в лесу гулять) а завтра в парикмахерскую (happy)
22/09/2017,16:28:20,Anastasia,+79131980321,Фото
22/09/2017,16:28:28,Anastasia,+79131980321,Ну вот, я блондинка))
22/09/2017,16:30:12,Anastasia,+79131980321,Почти что
22/09/2017,19:08:02,Я,+447481972607,Отличный выбор! Очень элегантно и тебе идет!
22/09/2017,19:42:29,Anastasia,+79131980321,Спасибо) я хотела ещё светлее)
22/09/2017,20:03:43,Я,+447481972607,Мне кажется не надо светлее.
23/09/2017,20:24:51,Я,+447481972607,Фото
23/09/2017,20:25:06,Я,+447481972607,В Будапеште ветренно
23/09/2017,20:25:54,Anastasia,+79131980321,Ой я так рада вас видеть!
23/09/2017,20:25:59,Anastasia,+79131980321,Хотя бы на фото
23/09/2017,20:26:15,Anastasia,+79131980321,Один из моих любимых городов
23/09/2017,20:27:01,Я,+447481972607,Фото
23/09/2017,20:27:01,Я,+447481972607,Фото
23/09/2017,20:27:11,Anastasia,+79131980321,Фото
23/09/2017,20:27:09,Я,+447481972607,Фото
23/09/2017,20:27:49,Anastasia,+79131980321,Очень красиво! У вас образ очень гармоничный (smiley)
23/09/2017,20:27:57,Anastasia,+79131980321,Куда потом?
23/09/2017,20:28:09,Anastasia,+79131980321,Какие планы? (smiley)
23/09/2017,20:28:23,Я,+447481972607,Домой в Лондон и через пару дней в Украину
23/09/2017,20:28:51,Anastasia,+79131980321,Домой через Хитроу?
23/09/2017,20:29:24,Anastasia,+79131980321,Я там буду ночевать (laugh) можно увидеться)
23/09/2017,20:30:56,Я,+447481972607,Мы будем в Хитроу в понедельник вечером где то в з вечера
23/09/2017,20:31:21,Anastasia,+79131980321,А я в воскресенье прилетаю
23/09/2017,20:31:30,Anastasia,+79131980321,В понедельник еду в Кембридж
23/09/2017,20:32:01,Я,+447481972607,Вау
23/09/2017,20:32:15,Anastasia,+79131980321,Очень захотелось посмотреть ещё другой город какой-нибудь
23/09/2017,20:32:18,Я,+447481972607,Учительствовать?
23/09/2017,20:32:44,Anastasia,+79131980321,Нет(( это мне надо очень постараться, чтобы найти работу в Лондоне...
23/09/2017,20:33:00,Anastasia,+79131980321,Любую причем(
23/09/2017,20:33:08,Anastasia,+79131980321,Хотя может на месте проще
23/09/2017,20:33:25,Я,+447481972607,Так ты на экскурсию?
23/09/2017,20:33:48,Я,+447481972607,Ок! Я иду смотреть ночной город
23/09/2017,20:33:59,Я,+447481972607,И купальни ночью работают
23/09/2017,20:34:06,Я,+447481972607,Проверим
23/09/2017,20:34:12,Anastasia,+79131980321,Да, я хотела в Лондоне подольше пожить, но не тяну по деньгам
23/09/2017,20:34:21,Anastasia,+79131980321,Лежала в больнице и не работала
23/09/2017,20:34:33,Anastasia,+79131980321,Приеду на неделю
23/09/2017,20:35:08,Anastasia,+79131980321,Были другие планы конечно) думала с Герасимом ещё что получится
23/09/2017,20:35:17,Anastasia,+79131980321,Поеду в Испанию потом
23/09/2017,20:35:27,Я,+447481972607,Ну поговорим потом
23/09/2017,20:35:49,Anastasia,+79131980321,Вам хорошо провести время! Рыбацкий бастион ночью просто волшебный
23/09/2017,20:36:03,Я,+447481972607,Герасим сейчас совсем другим занят, консерватории и всякое такое, планы..
23/09/2017,20:36:18,Anastasia,+79131980321,Ну да) он мне месяц уже не пишет
23/09/2017,20:36:36,Я,+447481972607,Занят реально
23/09/2017,20:37:09,Anastasia,+79131980321,Пусть)
23/09/2017,20:38:25,Anastasia,+79131980321,Вы главное хорошо отдохните в Будапеште) мне нравится там кафе Liberté
23/09/2017,20:38:39,Anastasia,+79131980321,Красивый интерьер и вкусные десерты
23/09/2017,20:43:11,Я,+447481972607,Спасибо  за совет, зайду если найду, мы в центре живем на ференц это прямо возле моста
23/09/2017,20:44:30,Anastasia,+79131980321,Я сейчас на карте поищу
23/09/2017,20:44:44,Anastasia,+79131980321,С кем отдыхаете? (smiley)
23/09/2017,20:45:58,Anastasia,+79131980321,Фото
23/09/2017,20:46:05,Anastasia,+79131980321,Возле парламента почти)
23/09/2017,20:46:27,Я,+447481972607,Ок!
23/09/2017,20:46:49,Anastasia,+79131980321,Отправляйте фото (smiley)
28/09/2017,16:56:53,Anastasia,+79131980321,Добрый вечер! Как ваше путешествие? (smiley)
28/09/2017,17:30:12,Я,+447481972607,Уже закончилось. Работа и учеба
28/09/2017,17:43:28,Anastasia,+79131980321,Скоро опять поедете (smiley)
28/09/2017,18:21:53,Я,+447481972607,Стикер
28/09/2017,18:23:25,Anastasia,+79131980321,Я уже в воскресенье буду у вас)
28/09/2017,18:37:12,Я,+447481972607,А я в воскресенье вылетаю из Станстеда
28/09/2017,18:37:20,Я,+447481972607,Хорошей дороги!
28/09/2017,18:55:04,Anastasia,+79131980321,И вам! Жалко не увидимся((
28/09/2017,19:14:13,Anastasia,+79131980321,Но я до 9, может и успеем
30/09/2017,16:34:38,Я,+447481972607,До 9 чего утра или вечера?
30/09/2017,16:36:19,Я,+447481972607,Я буду вечером выезжать на Викторию. Это самый центр . Могу выехать пораньше и где то пересечся. Но не обещаю вдруг что переменится.
30/09/2017,16:37:24,Anastasia,+79131980321,До 9 сентября) завтра прилечу в 16:50
30/09/2017,16:38:07,Я,+447481972607,Понятно. Спишемся
30/09/2017,16:40:33,Anastasia,+79131980321,Хорошо, я на чемоданах сижу уже, собираюсь)
01/10/2017,13:18:29,Anastasia,+79131980321,Ну все) лечу к вам в Лондон (smiley)
07/10/2017,09:55:54,Anastasia,+79131980321,Здравствуйте! Как ваши дела? (happy) приезжаете завтра?)
07/10/2017,15:29:02,Я,+447481972607,Сегодня поздно вечером буду
29/10/2017,16:59:11,Anastasia,+79131980321,Наталья, здравствуйте) как у вас дела?
29/10/2017,17:07:00,Anastasia,+79131980321,У вас может будет отпуск на несколько дней? Приезжайте ко мне в Испанию в гости!)) Тут тепло и купаться можно
29/10/2017,17:10:59,Я,+447481972607,Привет! Я поеду в Испанию 14го декабря. На Канары. А ты Где?
29/10/2017,17:11:31,Anastasia,+79131980321,Я в Кадисе, это на юге совсем, недалеко от Севильи
29/10/2017,17:11:52,Я,+447481972607,Сколько будешь?
29/10/2017,17:12:53,Anastasia,+79131980321,В Кадисе числа до 7 декабря, так что мало ли надумаете!)) Я смотрела, билеты недорогие до Лондона и обратно, а жить у меня есть где (smiley)
29/10/2017,17:15:38,Я,+447481972607,Больше месяца там будешь, супер.Я подумаю насчет приехать , если дадут дополнительный отпуск
...но это проблема и еще я учусь, пропускать не хочется потом погонять трудно, но предложение ОЧЕНЬ соблазнительное🙄
29/10/2017,17:17:45,Anastasia,+79131980321,Я уже месяц тут почти, учусь)))
29/10/2017,17:18:29,Anastasia,+79131980321,Вы мне тогда подкинули идею с учебой, я воспользовалась советом) и вообще по-доброму ко мне отнеслись, так что я рада буду очень, если вы приедете (happy)
29/10/2017,17:19:21,Я,+447481972607,Какая ты умница!
29/10/2017,17:19:23,Anastasia,+79131980321,Тут океан тёплый ещё... Вообще жарко, сегодня 30 было, я не ожидала, не взяла вещей никаких почти летних
29/10/2017,17:19:46,Anastasia,+79131980321,Перед этим же в Лондоне была неделю, там свитер, куртка... Тут ничего этого не нужно
29/10/2017,17:20:18,Я,+447481972607,Вещи купишь, не проблема, зато будет европейский диплом!
29/10/2017,17:20:58,Anastasia,+79131980321,Не могу купить, представляете, уже не продают летние(laugh)
29/10/2017,17:21:45,Anastasia,+79131980321,Фото
29/10/2017,17:22:10,Я,+447481972607,А у нас круглый год летнее продают, вдруг  кто куда поедет где лето
29/10/2017,17:22:28,Я,+447481972607,Что учишь? Язык?
29/10/2017,17:23:24,Anastasia,+79131980321,Да, ну не напряжно, два часа каждый день в универ хожу, не с утра до ночи)
29/10/2017,17:25:36,Я,+447481972607,Тут такая учеба везде, не напрягает посещать но задают много дома учить и потом спросят, качество от с тебя выжмут! Молодец, рада за тебя!
29/10/2017,17:28:36,Anastasia,+79131980321,Вот это правильный подход, у меня конечно шок вообще был, я ничего не понимала, как приехала, сейчас уже маленько освоилась, ну вот 2 недели ушло на адаптацию! Спасибо (smiley) это в какой-то мере ваша заслуга, я бы не надумала ничего такого (smiley)
29/10/2017,17:28:57,Anastasia,+79131980321,Ну чтобы там учиться поехать и всё такое
29/10/2017,17:31:11,Я,+447481972607,Зерно попало в хорошую почву!!! Ты этого совета ждала а иначе бы мимо ушей пропустила.. это очень много изменит в твоей жизни, а пока оставайся и балда, я постараюсь приехать
29/10/2017,17:33:17,Anastasia,+79131980321,(moa) а 22 ноября я буду в Эдинбурге, вдруг захотите тоже приехать, у меня будет неделька свободная, я немного попутешествовать решила
29/10/2017,17:34:37,Я,+447481972607,Я была в мае в Эдинбурге, слов нет как там красиво!!!! Заезжай на обратном пути
29/10/2017,17:34:55,Anastasia,+79131980321,Заеду, но 5 часов всего будет в Лондоне(
29/10/2017,17:35:05,Anastasia,+79131980321,Потом сразу в Париж
29/10/2017,17:35:44,Я,+447481972607,Вот это ты даёшь!!! Тоже хочу в Париж, не была ни разу
29/10/2017,17:36:38,Anastasia,+79131980321,Я купила билет на автобус из Лондона ночной, тоже там не была (smiley)
29/10/2017,17:40:12,Anastasia,+79131980321,Кстати, можно туда вместе поехать, это будет четверг получается 23, я на пару дней всего
29/10/2017,17:44:24,Я,+447481972607,Соблазнительно..подумаю как отпроситься
29/10/2017,17:45:29,Anastasia,+79131980321,Давайте, в общем, я вас тут жду, или в Париж, ну или по крайней мере в Лондоне буду 23 полдня (smiley)
29/10/2017,17:48:07,Я,+447481972607,Да, спишемся еще! Хорошего дня!
29/10/2017,17:48:31,Anastasia,+79131980321,И вам (moa)
02/11/2017,11:01:39,Я,+447481972607,Фото
02/11/2017,11:01:48,Я,+447481972607,Тоже учусь
02/11/2017,11:04:59,Anastasia,+79131980321,Ой классно!
02/11/2017,11:05:12,Anastasia,+79131980321,Я соскучилась по вас!
02/11/2017,11:05:30,Anastasia,+79131980321,Фото
02/11/2017,11:05:54,Anastasia,+79131980321,У меня только одно фото с одногруппником и то не особо учебное (laugh) мы в клуб ходили))
02/11/2017,11:07:03,Я,+447481972607,Твой тираж😆😆😆😆 на Герасима похож)))
02/11/2017,11:07:22,Anastasia,+79131980321,Все так и сказали... (depressed)
02/11/2017,11:09:12,Я,+447481972607,Надеюсь все сложится лучше)))
02/11/2017,11:09:39,Anastasia,+79131980321,Да пока ничего не хочется
02/11/2017,11:09:50,Я,+447481972607,Такая девочка целеустремленная заслуживает быть счастливой
02/11/2017,11:10:03,Я,+447481972607,Наш или испанец?
02/11/2017,11:10:16,Я,+447481972607,Да ты не форсируй
02/11/2017,11:10:38,Я,+447481972607,Как идёт так пусть и идет
02/11/2017,11:10:48,Anastasia,+79131980321,Немец)
02/11/2017,11:12:15,Anastasia,+79131980321,Скромный очень
02/11/2017,11:16:41,Anastasia,+79131980321,Ну это неважно, учеба - самое главное сейчас, скоро экзамен (smiley)
02/11/2017,13:32:18,Я,+447481972607,Успеха
02/11/2017,13:32:24,Я,+447481972607,В сдаче
02/11/2017,13:36:10,Anastasia,+79131980321,А у вас когда? Спасибо!
02/11/2017,13:36:22,Anastasia,+79131980321,Не смотрели билеты ко мне?)
02/11/2017,14:04:02,Я,+447481972607,Закончу в январе. Не смотрела. ТЫ ЧТО 2 работы, учеба , некогда
02/11/2017,14:05:26,Anastasia,+79131980321,Да у меня то же самое, только у меня три работы (laugh)
02/11/2017,14:05:59,Я,+447481972607,Ну ты даёшь!!
02/11/2017,14:19:09,Anastasia,+79131980321,Курсы и жилье не бесплатные, к сожалению(
02/11/2017,20:39:21,Anastasia,+79131980321,Сегодня вспоминала ваш борщ вкуснейший, завтра в классе буду рассказывать про нашу традиционную кухню (smiley) соскучилась по борщу и гречке
13/11/2017,11:45:03,Anastasia,+79131980321,Фото
13/11/2017,11:45:03,Anastasia,+79131980321,Фото
13/11/2017,11:45:04,Anastasia,+79131980321,Фото
13/11/2017,11:45:04,Anastasia,+79131980321,Фото
13/11/2017,11:45:06,Anastasia,+79131980321,Севилья (happy)
13/11/2017,11:47:14,Anastasia,+79131980321,Ездили на выходные)
13/11/2017,12:04:08,Я,+447481972607,Потрясающе красиво
13/11/2017,13:33:54,Anastasia,+79131980321,Если соберётесь в эти края, обязательно посетите Севилью, безумно красиво и романтичная атмосфера
13/11/2017,15:06:00,Я,+447481972607,Могу себе представить. Что вы там сделали романтического?
13/11/2017,15:39:51,Anastasia,+79131980321,Не, просто что там такая атмосфера) мы гуляли, ели много (laugh)
13/11/2017,16:31:12,Я,+447481972607,Романтично😂😂😂
13/11/2017,16:32:29,Anastasia,+79131980321,Места очень красивые и это придает колорит))
13/11/2017,16:37:33,Я,+447481972607,В Испании так везде в любой ее части
13/11/2017,16:37:59,Я,+447481972607,Очень хочется в Севилью да еще с тобой в компании
13/11/2017,17:10:26,Anastasia,+79131980321,Приезжайте, я вас жду (moa)
13/11/2017,17:11:13,Anastasia,+79131980321,Фото
13/11/2017,17:11:14,Anastasia,+79131980321,Фото
13/11/2017,17:11:14,Anastasia,+79131980321,Фото
13/11/2017,17:11:15,Anastasia,+79131980321,Фото
13/11/2017,17:12:15,Я,+447481972607,Парень красивый до безобразия😉
13/11/2017,17:13:01,Я,+447481972607,Так приглашаешь что я ОЧЕНЬ постараюсь выбраться
13/11/2017,17:13:49,Anastasia,+79131980321,Скромный он очень, не разболтать
13/11/2017,17:14:00,Anastasia,+79131980321,А я на следующей неделе к вам (happy) надеюсь, увидимся!
13/11/2017,17:16:09,Я,+447481972607,Давай
13/11/2017,17:21:27,Anastasia,+79131980321,Если приедете, то мы в Севилью обязательно съездим
13/11/2017,17:23:54,Я,+447481972607,Стикер
17/11/2017,13:26:56,Anastasia,+79131980321,Доброго дня) буду в Лондоне в четверг, 23 ноября, примерно с 3:30 до 7:30 вечера, если вы не работаете и не учитесь, давайте встретимся (smiley)
17/11/2017,14:06:57,Я,+447481972607,И работаю и учусь .Четверг самый занятой день у меня.
17/11/2017,14:07:48,Anastasia,+79131980321,Жаль (
22/11/2017,22:58:10,Anastasia,+79131980321,Фото
22/11/2017,22:58:11,Anastasia,+79131980321,Фото
22/11/2017,22:58:13,Anastasia,+79131980321,Фото
22/11/2017,22:58:15,Anastasia,+79131980321,Эдинбург (inlove)
22/11/2017,22:58:16,Anastasia,+79131980321,Фото
22/11/2017,23:09:24,Я,+447481972607,Сказочно?
23/11/2017,06:57:53,Anastasia,+79131980321,Не то слово!
23/11/2017,13:03:40,Я,+447481972607,Где будешь в Лондоне?
23/11/2017,13:04:53,Anastasia,+79131980321,Приезжаю на Викторию в 3:30
23/11/2017,13:05:29,Я,+447481972607,И куда дальше?
23/11/2017,13:06:17,Anastasia,+79131980321,В Париж в 8 вечера автобус 😊
23/11/2017,13:07:09,Я,+447481972607,Это понятно
23/11/2017,13:07:32,Я,+447481972607,В Лондоне до 8ми вечера ты где будешь?
23/11/2017,13:08:18,Anastasia,+79131980321,А, все не сообразила) я хотела погулять по Оксфорд стрит, где украшено все красиво посмотреть и поесть где-нибудь
23/11/2017,13:09:06,Я,+447481972607,Я думаю прогулять или нет занятие может подскочу к тебе
23/11/2017,13:10:10,Anastasia,+79131980321,Ой ну я конечно буду очень этому рада (shy)
23/11/2017,13:12:25,Я,+447481972607,До 3-30 Я работаю потом заскочу на курсы( у препода день рождение) и пораньше уйду надо попробовать к 6 или 5-30  быть на Оксфорд циркус
23/11/2017,13:12:39,Я,+447481972607,Недолго но хоть так))
23/11/2017,13:13:01,Anastasia,+79131980321,Давайте (smiley)
23/11/2017,13:13:18,Anastasia,+79131980321,Я тогда к этому времени найду место с вай-фаем, чтобы с вами связаться
23/11/2017,13:13:47,Я,+447481972607,Давай, будь на связи к 5-30
23/11/2017,13:14:08,Anastasia,+79131980321,Пока вот)
23/11/2017,13:14:26,Anastasia,+79131980321,Фото
23/11/2017,13:14:33,Я,+447481972607,Если не свяжемся я к 6-30  буду на выходе из метро
23/11/2017,13:14:42,Я,+447481972607,Красиво!!!
23/11/2017,13:15:16,Anastasia,+79131980321,Только утомительная дорога...
23/11/2017,18:15:21,Anastasia,+79131980321,Я на Оксфорд стрит (smiley)
23/11/2017,18:16:20,Я,+447481972607,Еду отмечусь на курсах , поздравлю препода и к тебе. Где то через 1.5 часа буду
23/11/2017,18:19:47,Anastasia,+79131980321,Голосовое сообщение
23/11/2017,18:20:11,Anastasia,+79131980321,Голосовое сообщение
23/11/2017,19:04:49,Я,+447481972607,А по интернету  ты зачекинится не можешь?
23/11/2017,19:05:53,Я,+447481972607,Я буду через ц0 минут на Оксфорд стейшн
23/11/2017,19:06:34,Anastasia,+79131980321,Знаете где Прет недалеко тут? Я тут сижу
23/11/2017,19:07:19,Anastasia,+79131980321,Фото
23/11/2017,19:07:29,Anastasia,+79131980321,Давайте тут вас подожду, чтобы не потеряться? (smiley)
23/11/2017,19:37:06,Я,+447481972607,outgoing_call
23/11/2017,19:37:31,Я,+447481972607,Я не могу твой прет найти
23/11/2017,19:37:47,Я,+447481972607,Я возле H&M
23/11/2017,19:38:07,Anastasia,+79131980321,Бегу туда!
23/11/2017,19:38:59,Я,+447481972607,Тут один H&M?
23/11/2017,19:39:14,Я,+447481972607,Я прям возле Оксворд стейшн
23/11/2017,19:46:57,Я,+447481972607,Я уже знаю где ты подойти в кафе?
23/11/2017,19:57:58,Anastasia,+79131980321,incoming_call
28/11/2017,10:27:57,Я,+447481972607,Привет! Пришли пожалуйста название или сайт своих курсов , одна девочка хочет пойти учиться
28/11/2017,10:36:07,Anastasia,+79131980321,Здравствуйте! Это университет Кадиса, UCA можно посмотреть в интернете, там есть вся информация :)
28/11/2017,10:57:37,Я,+447481972607,Английскими буквами плииз название
28/11/2017,11:09:37,Anastasia,+79131980321,UCA
28/11/2017,11:19:56,Я,+447481972607,А сколько стоит обучение?
28/11/2017,11:52:45,Anastasia,+79131980321,Три месяца около 500 евро
30/11/2017,22:49:19,Я,+447481972607,[{"Type":""},{"Type":""},{"Action":{"name":"openurl","parameters":{"type":"regular","external":"true","url":"https:\/\/youtu.be\/zLpPmzmkyKQ"}},"Type":"vdo","ThumbnailHeight":225,"ThumbnailWidth":400,"ThumbnailUrl":"https:\/\/i.ytimg.com\/vi\/zLpPmzmkyKQ\/hqdefault.jpg"},{"Type":""},{"Action":{"name":"openurl","parameters":{"type":"regular","external":"true","url":"https:\/\/youtu.be\/zLpPmzmkyKQ"}},"Type":"txt","Color":1470418,"Size":1,"Underline":"true","MaxLinesNumber":2,"Text":"Fifty Shades Freed(2018) - Grey Family","TextSpans":"no_sp"},{"Action":{"name":"openurl","parameters":{"type":"regular","external":"true","url":"https:\/\/youtu.be\/zLpPmzmkyKQ"}},"Type":"txt","Color":8553090,"Size":1,"Text":"youtu.be","TextSpans":"no_sp"},{"Type":"info","PushText":"https:\/\/youtu.be\/zLpPmzmkyKQ","PreviewText":"https:\/\/youtu.be\/zLpPmzmkyKQ"}]
30/11/2017,22:52:14,Anastasia,+79131980321,Ой песню эту люблю так, спасибо! (smiley)
30/11/2017,22:53:33,Я,+447481972607,Пожалуйста. Перевести можешь вкратце?
30/11/2017,22:54:24,Anastasia,+79131980321,Песню?)
30/11/2017,22:54:33,Я,+447481972607,Ага
30/11/2017,22:54:51,Я,+447481972607,Я примерно понимаю но не всё
30/11/2017,22:56:43,Anastasia,+79131980321,Да, конечно :) парень поет, что встретил девушку в баре, влюбился в нее, в припеве там поется, что он хочет ее любви, что она была создана для него, что он влюблен в ее образ и все такое (smiley) романтическое (cry)
30/11/2017,22:58:02,Я,+447481972607,Да?? Я почему  grey family? Я думала про семью а не про бар😂😂😂😂
30/11/2017,22:59:15,Anastasia,+79131980321,Неее, видео с песней не связано никак (laugh)
30/11/2017,22:59:24,Anastasia,+79131980321,Есть клип на эту песню
30/11/2017,23:08:43,Anastasia,+79131980321,Как у вас там дела?
30/11/2017,23:20:27,Я,+447481972607,The club isn’t the best place to find a lover	Клуб — это не лучшее место, чтобы искать любовь,
So the bar is where I go	Поэтому — отправляюсь прямиком в бар!
Me and my friends at the table doing shots	Сидим с друзьями за столиком, опрокидываем рюмки.
Drinking fast and then we talk slow	Пьём быстро, говорим медленно.
And you come over and start up a conversation with just me	И вот ты подходишь и первая заводишь разговор со мной.
And trust me I’ll give it a chance now	Поверь, я не упущу этот шанс.
Take my hand, stop, put Van the Man on the jukebox	Возьми меня за руку, подожди-ка…поставьте Van the Man на музыкальном автомате!
And then we start to dance, and now I’m singing like	Затем мы начинаем танцевать, и я пою…
[Pre-Chorus]	[Пред-припев] 
Girl, you know I want your love	Детка, ты же знаешь, мне нужна твоя любовь.
Your love was handmade for somebody like me	Твоя любовь была создана для таких, как я.
Come on now, follow my lead	Давай же, доверься мне!
I may be crazy, don’t mind me	Я могу быть сумасшедшим, не обращай внимания.
Say, boy, let’s not talk too much	Скажи: “Парень, заканчивай болтать!”,
Grab on my waist and put that body on me	Положи руки мне на талию и садись сверху.
Come on now, follow my lead	Давай же, следуй моим движениям.
Come, come on now, follow my lead	А ну-ка, доверься мне.
[Chorus]	[Припев]
I’m in love with the shape of you	Твой силуэт сводит с ума,
We push and pull like a magnet do	То тело к телу, то друг от друга – как магнит.
Although my heart is falling too	Хотя, в моём сердце всё теплее,
I’m in love with your body	Я влюблен в твое тело.
And last night you were in my room	И прошлой ночью ты была у меня.
And now my bedsheets smell like you	Мои простыни пропитаны твоим ароматом.
Every day discovering something brand new	Каждый день открывая что-то новое,
I’m in love with your body	Я влюбляюсь в твое тело!
Oh—I—oh—I—oh—I—oh—I	О-о-о я
I’m in love with your body	Влюблен в твое тело!
Oh—I—oh—I—oh—I—oh—I	О-о-о я
I’m in love with your body	Влюблен в твое тело!
Oh—I—oh—I—oh—I—oh—I	О-о-о я
I’m in love with your body	Влюблен в твое тело!
Every day discovering something brand new	И каждый день я открываю для себя что-то новое
I’m in love with the shape of you	Я влюблен в этот силуэт.
[Verse]	[Куплет]
One week in we let the story begin	Миновала неделя, а история только началась.
We’re going out on our first date	Собираемся на наше первое свидание.
You and me are thrifty, so go all you can eat	Мы люди экономные, так что кушай впрок:
Fill up your bag and I fill up a plate	Набей сумку, а я доверху тарелку.
We talk for hours and hours about the sweet and the sour	Мы разговариваем часами: то о сладком, то о кислом.
And how your family is doing okay	О том, как дела у твоей семьи.
Leave and get in a taxi, then kiss in the backseat	Пошли уже от сюда, прыгай в такси. И вот, мы целуемся на заднем сиденье.
Tell the driver make the radio play, and I’m singing like	Скажи водителю сделать радио погромче, и я пою…
30/11/2017,23:21:16,Я,+447481972607,Точно не про семью😂😂😂
30/11/2017,23:22:00,Я,+447481972607,Я с учебы пришла и зависела в ленте вместо того чтобы заниматься...Ты как?
30/11/2017,23:24:08,Anastasia,+79131980321,Завтра экзамен, сидела готовилась, не могу больше
30/11/2017,23:24:21,Anastasia,+79131980321,Фото
30/11/2017,23:24:43,Anastasia,+79131980321,Приготовила ужин, пойду погулять сейчас, мозги проветрить
30/11/2017,23:32:27,Anastasia,+79131980321,На следующей неделе в Барселону поедем с немцем (smiley) наверное
01/12/2017,00:35:16,Я,+447481972607,Хороший ужин, аппетитно выглядит. Удачи на экзамене!!@
01/12/2017,00:36:42,Anastasia,+79131980321,Спасибо! Завтра первый, в понедельник ещё один :)) у вас все в порядке? Ира работу не нашла?
01/12/2017,17:27:10,Я,+447481972607,Нашла
19/12/2017,20:25:25,Я,+447481972607,Фото
19/12/2017,20:25:26,Я,+447481972607,Фото
19/12/2017,20:25:26,Я,+447481972607,Фото
19/12/2017,20:25:26,Я,+447481972607,Фото
19/12/2017,20:25:26,Я,+447481972607,Фото
19/12/2017,20:25:44,Я,+447481972607,Фото
19/12/2017,20:25:44,Я,+447481972607,Фото
19/12/2017,20:25:44,Я,+447481972607,Фото
19/12/2017,20:25:44,Я,+447481972607,Фото
19/12/2017,20:25:51,Я,+447481972607,Фото
19/12/2017,20:26:39,Я,+447481972607,Фото
19/12/2017,20:26:39,Я,+447481972607,Фото
19/12/2017,20:26:39,Я,+447481972607,Фото
19/12/2017,20:26:39,Я,+447481972607,Фото
19/12/2017,20:26:39,Я,+447481972607,Фото
19/12/2017,20:26:39,Я,+447481972607,Фото
20/12/2017,01:47:14,Anastasia,+79131980321,Как прекрасно (inlove) очень красиво. Хорошего вам отдыха! (moa)
20/12/2017,01:50:39,Anastasia,+79131980321,Фото
20/12/2017,01:50:39,Anastasia,+79131980321,Фото
20/12/2017,01:50:39,Anastasia,+79131980321,Прага и Будапешт)
20/12/2017,01:50:39,Anastasia,+79131980321,Фото
20/12/2017,01:50:40,Anastasia,+79131980321,Фото
20/12/2017,01:50:41,Anastasia,+79131980321,Фото
20/12/2017,01:50:43,Anastasia,+79131980321,Фото
20/12/2017,01:50:46,Anastasia,+79131980321,Фото
20/12/2017,01:50:49,Anastasia,+79131980321,Фото
20/12/2017,08:25:27,Я,+447481972607,Цвет волос тебе идет!!
20/12/2017,08:43:03,Anastasia,+79131980321,Спасибо! Как вам Канарские острова?))
20/12/2017,10:45:54,Я,+447481972607,Уже второй раз в этом году, видно очень нравятся😂😂😂
23/12/2017,15:33:57,Я,+447481972607,Фото
23/12/2017,15:33:57,Я,+447481972607,Фото
23/12/2017,15:34:14,Я,+447481972607,Рождество в Лондоне!!
23/12/2017,15:35:22,Anastasia,+79131980321,Красотааааа
23/12/2017,15:35:26,Anastasia,+79131980321,У нас снег! :))
23/12/2017,20:34:36,Я,+447481972607,Feliz Navidad-803058097.mp3
25/12/2017,08:40:20,Anastasia,+79131980321,Фото
25/12/2017,08:40:28,Anastasia,+79131980321,А у нас вот так на рождество (smiley)
08/03/2018,07:13:22,Anastasia,+79131980321,Наталья, с праздником весны! (moa) желаю радостного настроения и много цветов (happy)
08/03/2018,07:16:10,Я,+447481972607,Спасибо, дорогая! Тебя тоже с праздником!!
08/03/2018,07:32:46,Anastasia,+79131980321,Как ваши дела? Скучаю по вас! (moa)
08/03/2018,07:57:51,Я,+447481972607,Герасим сьехал, ближе к консерватории живет. Ира осталась до мая, потом решит может назад в Питер, сын приехал .У тебя что нового?
08/03/2018,08:12:58,Anastasia,+79131980321,Значит могу к вам в гости приехать (wink)
08/03/2018,08:13:17,Anastasia,+79131980321,У меня ничего по сути... Много работаю, учусь (smiley)
10/03/2018,12:35:31,Я,+447481972607,Ну многоработанием ты нас не удивишь. А где опять учишься?
10/03/2018,12:54:22,Anastasia,+79131980321,Испанский учу дальше, хочу пойти на курсы флористов (smiley)
31/03/2018,11:07:53,Я,+447481972607,Фото
31/03/2018,11:07:53,Я,+447481972607,Фото
31/03/2018,11:07:53,Я,+447481972607,Фото
31/03/2018,11:07:53,Я,+447481972607,Фото
31/03/2018,11:07:53,Я,+447481972607,Фото
31/03/2018,11:07:53,Я,+447481972607,Фото
31/03/2018,11:07:53,Я,+447481972607,Фото
31/03/2018,11:07:53,Я,+447481972607,Фото
31/03/2018,11:07:53,Я,+447481972607,Фото
31/03/2018,11:07:53,Я,+447481972607,Фото
31/03/2018,11:08:21,Я,+447481972607,Фото
31/03/2018,11:08:21,Я,+447481972607,Фото
31/03/2018,11:08:21,Я,+447481972607,Фото
31/03/2018,11:08:21,Я,+447481972607,Фото
31/03/2018,11:08:21,Я,+447481972607,Фото
31/03/2018,11:08:21,Я,+447481972607,Фото
31/03/2018,11:08:21,Я,+447481972607,Фото
31/03/2018,11:08:21,Я,+447481972607,Фото
31/03/2018,11:08:21,Я,+447481972607,Фото
31/03/2018,11:08:21,Я,+447481972607,Фото
01/04/2018,07:04:58,Anastasia,+79131980321,Здравствуйте! Так рада вас видеть! (smiley)(happy)
01/04/2018,07:05:07,Anastasia,+79131980321,Вы такая красивая и счастливая (inlove)
01/04/2018,16:13:23,Anastasia,+79131980321,Где отдыхаете? :))
01/04/2018,21:33:10,Я,+447481972607,Привет! Спасибо! Это Калифорния
02/04/2018,02:15:13,Anastasia,+79131980321,Ого, как далеко! Ну как вам там?))
02/04/2018,07:09:10,Я,+447481972607,Красивая природа, океан. Вообще отдыхать везде хорошо. Ну а остальное на любителя.Америкп страна контрастов
02/04/2018,07:09:33,Я,+447481972607,Фото
02/04/2018,07:09:33,Я,+447481972607,Фото
02/04/2018,07:09:33,Я,+447481972607,Фото
02/04/2018,07:10:06,Я,+447481972607,Фото
02/04/2018,07:10:06,Я,+447481972607,Фото
02/04/2018,07:10:06,Я,+447481972607,Фото
02/04/2018,07:10:07,Я,+447481972607,Фото
02/04/2018,07:10:07,Я,+447481972607,Фото
02/04/2018,07:10:39,Я,+447481972607,Фото
02/04/2018,07:10:39,Я,+447481972607,Фото
02/04/2018,07:10:39,Я,+447481972607,Фото
02/04/2018,07:10:39,Я,+447481972607,Фото
02/04/2018,07:10:39,Я,+447481972607,Фото
02/04/2018,07:10:39,Я,+447481972607,Фото
02/04/2018,07:10:54,Я,+447481972607,Фото
02/04/2018,07:10:54,Я,+447481972607,Фото
02/04/2018,07:10:54,Я,+447481972607,Фото
02/04/2018,07:10:55,Я,+447481972607,Фото
02/04/2018,07:11:10,Я,+447481972607,Фото
02/04/2018,07:11:10,Я,+447481972607,Фото
02/04/2018,07:11:10,Я,+447481972607,Фото
02/04/2018,07:11:10,Я,+447481972607,Фото
02/04/2018,07:11:22,Я,+447481972607,Фото
02/04/2018,07:11:22,Я,+447481972607,Фото
02/04/2018,07:11:22,Я,+447481972607,Фото
02/04/2018,07:11:46,Я,+447481972607,Фото
02/04/2018,07:11:46,Я,+447481972607,Фото
02/04/2018,07:11:46,Я,+447481972607,Фото
02/04/2018,07:11:46,Я,+447481972607,Фото
02/04/2018,07:11:46,Я,+447481972607,Фото
02/04/2018,07:11:53,Я,+447481972607,Фото
02/04/2018,07:11:53,Я,+447481972607,Фото
02/04/2018,07:12:33,Я,+447481972607,Фото
02/04/2018,07:12:33,Я,+447481972607,Фото
02/04/2018,07:12:33,Я,+447481972607,Фото
02/04/2018,07:12:33,Я,+447481972607,Фото
02/04/2018,07:12:33,Я,+447481972607,Фото
02/04/2018,07:12:33,Я,+447481972607,Фото
02/04/2018,07:12:46,Я,+447481972607,Фото
02/04/2018,07:12:46,Я,+447481972607,Фото
02/04/2018,07:12:46,Я,+447481972607,Фото
02/04/2018,07:12:46,Я,+447481972607,Фото
02/04/2018,07:12:53,Я,+447481972607,Фото
02/04/2018,07:12:56,Я,+447481972607,Фото
02/04/2018,07:12:56,Я,+447481972607,Фото
02/04/2018,07:13:16,Я,+447481972607,Фото
02/04/2018,07:13:16,Я,+447481972607,Фото
02/04/2018,07:13:16,Я,+447481972607,Фото
02/04/2018,07:13:16,Я,+447481972607,Фото
02/04/2018,07:13:16,Я,+447481972607,Фото
02/04/2018,07:13:22,Я,+447481972607,Фото
02/04/2018,07:13:22,Я,+447481972607,Фото
02/04/2018,07:13:22,Я,+447481972607,Фото
02/04/2018,07:13:44,Я,+447481972607,Фото
02/04/2018,07:13:44,Я,+447481972607,Фото
02/04/2018,07:13:44,Я,+447481972607,Фото
02/04/2018,07:13:58,Я,+447481972607,Фото
02/04/2018,07:13:58,Я,+447481972607,Фото
02/04/2018,07:13:58,Я,+447481972607,Фото
02/04/2018,07:13:58,Я,+447481972607,Фото
02/04/2018,07:14:10,Я,+447481972607,Фото
02/04/2018,07:14:10,Я,+447481972607,Фото
02/04/2018,07:14:10,Я,+447481972607,Фото
02/04/2018,07:14:10,Я,+447481972607,Фото
02/04/2018,07:14:34,Я,+447481972607,Фото
02/04/2018,07:14:34,Я,+447481972607,Фото
02/04/2018,07:14:35,Я,+447481972607,Фото
02/04/2018,07:15:32,Я,+447481972607,Лос Анжелес, Гранд Каньон, Лас Вегас, Сан Диего
02/04/2018,07:19:23,Anastasia,+79131980321,Это моя мечта! (inlove)
02/04/2018,07:19:30,Anastasia,+79131980321,Как здорово))
02/04/2018,07:19:35,Anastasia,+79131980321,Фото прекрасные
02/04/2018,07:19:46,Anastasia,+79131980321,Почему в Инстаграм не выкладываете? (smiley)
02/04/2018,07:20:18,Я,+447481972607,Я в Фейсбуке
02/04/2018,07:51:39,Anastasia,+79131980321,А я думала вдруг в Европу соберётесь - увидеться (smiley)
02/04/2018,16:45:26,Я,+447481972607,Соберусь😉
02/04/2018,16:48:40,Anastasia,+79131980321,Фото
02/04/2018,16:48:48,Anastasia,+79131980321,Делала на заказ))
02/04/2018,16:49:18,Я,+447481972607,Вау! Ты мастер нас все руки😆😆
02/04/2018,16:53:13,Anastasia,+79131980321,Надо чем-то заниматься (smiley)
02/04/2018,21:58:54,Я,+447481972607,Тебе мало учительствования?
03/04/2018,03:21:09,Anastasia,+79131980321,Иногда хочется что-нибудь другое поделать...
08/04/2018,09:01:04,Я,+447481972607,Христос воскрес!
08/04/2018,11:44:57,Anastasia,+79131980321,Воистину воскрес!
29/04/2018,20:52:44,Я,+447481972607,Плаваем по Темзе
29/04/2018,20:52:31,Я,+447481972607,Фото
29/04/2018,20:52:31,Я,+447481972607,Фото
29/04/2018,20:52:31,Я,+447481972607,Фото
29/04/2018,22:33:35,Anastasia,+79131980321,Класс! (inlove)
29/04/2018,22:35:45,Я,+447481972607,Фото
29/04/2018,22:35:47,Я,+447481972607,Фото
30/04/2018,09:57:59,Anastasia,+79131980321,Вы прекрасно выглядите (smiley)
30/04/2018,10:00:30,Я,+447481972607,Спасибо! Стараюсь
30/04/2018,10:12:51,Anastasia,+79131980321,Что у вас нового?
30/04/2018,10:15:52,Я,+447481972607,Сын приехал, Герасим съехал. Работа та же.
30/04/2018,15:31:56,Anastasia,+79131980321,Я на массаж сейчас хожу, вроде поправили спину. Здоровье улучшилось (smiley)
03/05/2018,18:28:16,Я,+447481972607,Виндзорский замок
03/05/2018,18:28:17,Я,+447481972607,Фото
03/05/2018,18:28:19,Я,+447481972607,Фото
03/05/2018,18:28:21,Я,+447481972607,Фото
03/05/2018,18:28:26,Я,+447481972607,Фото
03/05/2018,18:28:28,Я,+447481972607,Фото
03/05/2018,18:28:31,Я,+447481972607,Фото
03/05/2018,18:28:34,Я,+447481972607,Фото
03/05/2018,18:28:38,Я,+447481972607,Фото
03/05/2018,18:28:40,Я,+447481972607,Фото
03/05/2018,18:28:42,Я,+447481972607,Фото
03/05/2018,21:20:46,Anastasia,+79131980321,Фото
03/05/2018,21:20:47,Anastasia,+79131980321,Фото
03/05/2018,21:20:49,Anastasia,+79131980321,Фото
03/05/2018,21:20:50,Anastasia,+79131980321,Фото
03/05/2018,21:51:00,Я,+447481972607,Молодец ты, не так долго была, а так много посмотрела! Да, там круто
04/05/2018,06:32:30,Anastasia,+79131980321,Хотелось бы вернуться
04/05/2018,06:32:53,Anastasia,+79131980321,Мне понравилась ещё усадьба Kenwood. Она где Waterloo Park находится. Сходите! (smiley)
04/05/2018,06:35:07,Anastasia,+79131980321,Фото
04/05/2018,06:35:07,Anastasia,+79131980321,Фото
04/05/2018,06:35:08,Anastasia,+79131980321,Фото
04/05/2018,06:35:09,Anastasia,+79131980321,Фото
04/05/2018,06:35:10,Anastasia,+79131980321,Фото
04/05/2018,07:02:45,Я,+447481972607,Скучаешь за Англией? Или за Испанией?
04/05/2018,07:04:33,Anastasia,+79131980321,Англией (depressed)
04/05/2018,07:12:38,Я,+447481972607,Неужели?
04/05/2018,07:21:09,Anastasia,+79131980321,Да, частенько бывает
08/05/2018,10:06:48,Я,+447481972607,Фото
08/05/2018,10:06:48,Я,+447481972607,Фото
08/05/2018,10:06:48,Я,+447481972607,Фото
08/05/2018,10:06:48,Я,+447481972607,Фото
08/05/2018,10:06:48,Я,+447481972607,Фото
08/05/2018,10:06:48,Я,+447481972607,Фото
08/05/2018,10:06:48,Я,+447481972607,Фото
08/05/2018,10:06:48,Я,+447481972607,Фото
08/05/2018,10:07:26,Я,+447481972607,Когда хорошая погода и в Испанию ездить не надо  . Час езды до моря
08/05/2018,10:35:36,Anastasia,+79131980321,Класс! (inlove)
08/05/2018,10:51:41,Anastasia,+79131980321,Фото
08/05/2018,14:02:48,Я,+447481972607,Да ну
08/05/2018,14:35:09,Anastasia,+79131980321,Вчера выпал)
08/05/2018,15:03:42,Я,+447481972607,Кошмар, а у нас 29* Испания отдыхает.
09/05/2018,08:28:53,Anastasia,+79131980321,Но в Испанию тоже нужно съездить, тем более у вас там хорошие цены на билеты. Я сейчас смотрю на сентябрь - из моего города везде дорого лететь
19/05/2018,23:14:31,Я,+447481972607,[{"Type":""},{"Type":""},{"Action":{"name":"openurl","parameters":{"type":"regular","external":"true","url":"https:\/\/www.youtube.com\/watch?v=dxVXerqLKw4&feature=youtu.be"}},"Type":"vdo","ThumbnailHeight":225,"ThumbnailWidth":400,"ThumbnailUrl":"https:\/\/i.ytimg.com\/vi\/dxVXerqLKw4\/maxresdefault.jpg"},{"Type":""},{"Action":{"name":"openurl","parameters":{"type":"regular","external":"true","url":"https:\/\/www.youtube.com\/watch?v=dxVXerqLKw4&feature=youtu.be"}},"Type":"txt","Color":1470418,"Size":1,"Underline":"true","MaxLinesNumber":2,"Text":"FULL CEREMONY: Prince Harry and Meghan Markle Royal Wedding","TextSpans":"no_sp"},{"Action":{"name":"openurl","parameters":{"type":"regular","external":"true","url":"https:\/\/www.youtube.com\/watch?v=dxVXerqLKw4&feature=youtu.be"}},"Type":"txt","Color":8553090,"Size":1,"Text":"youtube.com","TextSpans":"no_sp"},{"Type":"info","PushText":"https:\/\/www.youtube.com\/watch?v=dxVXerqLKw4&feature=youtu.be","PreviewText":"https:\/\/www.youtube.com\/watch?v=dxVXerqLKw4&feature=youtu.be"}]
19/05/2018,23:14:56,Я,+447481972607,Может и у вас показывают эту свадьбу..
20/05/2018,02:21:49,Anastasia,+79131980321,Да, я смотрела прямую трансляцию!
