﻿29/05/2017,23:17:43,Я,+447481972607,Фото
29/05/2017,23:17:42,Я,+447481972607,Фото
29/05/2017,23:17:42,Я,+447481972607,Фото
29/05/2017,23:17:43,Я,+447481972607,Фото
29/05/2017,23:17:43,Я,+447481972607,Фото
29/05/2017,23:17:43,Я,+447481972607,Фото
29/05/2017,23:17:43,Я,+447481972607,Фото
29/05/2017,23:17:48,Я,+447481972607,Фото
29/05/2017,23:17:48,Я,+447481972607,Фото
29/05/2017,23:17:48,Я,+447481972607,Фото
29/05/2017,23:17:48,Я,+447481972607,Фото
29/05/2017,23:17:48,Я,+447481972607,Фото
29/05/2017,23:17:48,Я,+447481972607,Фото
29/05/2017,23:18:04,Я,+447481972607,Фото
29/05/2017,23:18:04,Я,+447481972607,Фото
29/05/2017,23:18:04,Я,+447481972607,Фото
29/05/2017,23:18:04,Я,+447481972607,Фото
29/05/2017,23:18:04,Я,+447481972607,Фото
29/05/2017,23:18:04,Я,+447481972607,Фото
29/05/2017,23:18:07,Я,+447481972607,Фото
29/05/2017,23:18:07,Я,+447481972607,Фото
29/05/2017,23:18:14,Я,+447481972607,Фото
29/05/2017,23:18:14,Я,+447481972607,Фото
29/05/2017,23:18:14,Я,+447481972607,Фото
29/05/2017,23:18:14,Я,+447481972607,Фото
29/05/2017,23:18:21,Я,+447481972607,Фото
29/05/2017,23:18:21,Я,+447481972607,Фото
29/05/2017,23:18:21,Я,+447481972607,Фото
01/06/2017,13:10:33,Я,+447481972607,Фото
01/06/2017,13:10:33,Я,+447481972607,Фото
01/06/2017,13:10:38,Я,+447481972607,Фото
01/06/2017,13:10:38,Я,+447481972607,Фото
01/06/2017,13:10:38,Я,+447481972607,Фото
04/06/2017,16:10:03,Arkadii,+79818134222,missed_call
04/06/2017,16:56:11,Я,+447481972607,outgoing_call
04/06/2017,16:59:34,Arkadii,+79818134222,incoming_call
04/06/2017,21:11:48,Arkadii,+79818134222,Фото
04/06/2017,21:12:18,Arkadii,+79818134222,Фото
04/06/2017,21:12:41,Я,+447481972607,Фото
06/06/2017,10:14:47,Arkadii,+79818134222,Наталья, у вас случайно нету какой нибудь обуви для плохой погоды?)
06/06/2017,12:03:56,Я,+447481972607,В шуфляде под твоим шкафом смотрите но резиновых сапог нет
06/06/2017,12:29:12,Я,+447481972607,И еще в сумке под кроватью есть ботинки которые Герасим мне покупал новые еще коричневые
06/06/2017,12:46:05,Arkadii,+79818134222,Мы все ещё дома сидим:)
06/06/2017,12:46:36,Arkadii,+79818134222,Холодно так
06/06/2017,12:46:52,Arkadii,+79818134222,Соседка даже отопление включила
06/06/2017,13:03:06,Я,+447481972607,Это показатель😂
06/06/2017,13:05:33,Я,+447481972607,Дома можно тоже неплохо развлечься. Лучше чем проникнуть и замерзнуть😉
06/06/2017,13:20:39,Я,+447481972607,Спасибо Ирине за обед все было там вкусно особенно когда наработалась и хорошенько проголодалась👌😊👍
06/06/2017,13:21:11,Arkadii,+79818134222,Почему криветки не взяли?специально вам привез
06/06/2017,13:21:29,Я,+447481972607,Я ж не знала
06/06/2017,13:21:31,Arkadii,+79818134222,Пришлось скушать самим(sad)
06/06/2017,13:21:40,Я,+447481972607,Мне и так хватило
06/06/2017,13:22:08,Я,+447481972607,Ничего мне в другой раз откармливай сестру деликатесами
06/06/2017,13:22:41,Я,+447481972607,Пусть ее впечатления от Лондона  будут неизгладимыми
06/06/2017,13:23:48,Arkadii,+79818134222,Сейчас перестаем и вернется жить
06/06/2017,13:23:56,Arkadii,+79818134222,Что потом делать будем
06/06/2017,13:24:05,Arkadii,+79818134222,(laugh)
06/06/2017,13:24:32,Я,+447481972607,Типа перестараемся и останется?
06/06/2017,13:24:57,Arkadii,+79818134222,Ага
06/06/2017,13:25:04,Я,+447481972607,Мне нормально она мне помогает больше чем некоторае😂
06/06/2017,13:25:36,Arkadii,+79818134222,Надо нам поменяться)))с ней
06/06/2017,13:25:57,Я,+447481972607,Вообще то да
06/06/2017,13:26:41,Я,+447481972607,Только ты что с Аркадием будешь делать и в садик работать тебе не очень🤣🤣🤣🤣
06/06/2017,13:29:39,Arkadii,+79818134222,Умирать с голоду будем
06/06/2017,13:29:57,Arkadii,+79818134222,Кушать шаурму
06/06/2017,13:30:21,Я,+447481972607,Да это тебе не борщ И м креветками😆🤣🤣😄
06/06/2017,13:30:44,Arkadii,+79818134222,А вы будете сидеть в панике вдвоем. Когда билет надо будет распечатать
06/06/2017,13:30:55,Я,+447481972607,Дааааааа
06/06/2017,13:31:00,Arkadii,+79818134222,Лучше в балансе
06/06/2017,13:31:06,Я,+447481972607,Дааа
06/06/2017,13:31:20,Arkadii,+79818134222,Лодыжки и работяга
06/06/2017,13:31:26,Arkadii,+79818134222,Лодырь"
06/06/2017,13:35:40,Я,+447481972607,Кстати в 4-15 массаж
06/06/2017,13:39:46,Я,+447481972607,Ты там с Толей пообщался что то он не того
06/06/2017,13:40:47,Arkadii,+79818134222,Сегодня?
06/06/2017,13:40:52,Arkadii,+79818134222,Нет еще
06/06/2017,13:41:11,Arkadii,+79818134222,Что с ним?
06/06/2017,14:54:32,Я,+447481972607,Расстроенный мягко говоря
07/06/2017,15:48:42,Я,+447481972607,Фото
07/06/2017,21:01:30,Arkadii,+79818134222,Фото
07/06/2017,21:01:30,Arkadii,+79818134222,Фото
07/06/2017,21:01:30,Arkadii,+79818134222,Фото
07/06/2017,21:01:31,Arkadii,+79818134222,Фото
07/06/2017,21:01:31,Arkadii,+79818134222,Фото
07/06/2017,21:02:07,Arkadii,+79818134222,Фото
07/06/2017,21:02:07,Arkadii,+79818134222,Фото
07/06/2017,21:02:08,Arkadii,+79818134222,Фото
07/06/2017,21:02:09,Arkadii,+79818134222,Фото
21/11/2017,11:28:18,Arkadii,+79818134222,Фото
21/11/2017,11:28:29,Arkadii,+79818134222,Новости:)
21/11/2017,13:31:47,Я,+447481972607,На работу взяли?
21/11/2017,13:32:22,Arkadii,+79818134222,Пригласили в субботу.позвонили
21/11/2017,13:37:07,Я,+447481972607,Как раз иншуренз будет готов! Готовься!!
21/11/2017,13:42:00,Я,+447481972607,Не забудь свидетельство о браке пусть Аркадий отреагирует и вышлет
21/11/2017,14:47:47,Arkadii,+79818134222,Ага,я уже сказала ему
23/11/2017,13:15:35,Я,+447481972607,Кстати гречка смешанная с грибами и разогретая в микроволновке очень даже ничего!!!
23/11/2017,13:15:52,Я,+447481972607,Особенно после интенсивного труда))))
23/11/2017,13:16:05,Arkadii,+79818134222,Это только из-за этого:)
23/11/2017,13:16:17,Arkadii,+79818134222,Мне фарш не понравился
23/11/2017,13:16:33,Arkadii,+79818134222,Привкус его
23/11/2017,13:16:43,Я,+447481972607,Фарш здесь всегда безвкусный
23/11/2017,13:16:47,Arkadii,+79818134222,Получили шуринс
23/11/2017,13:17:15,Я,+447481972607,Да ты что!!!
23/11/2017,13:17:24,Я,+447481972607,Ты точно везуча
23/11/2017,13:17:37,Я,+447481972607,И без оригинала свидетельства
23/11/2017,13:17:39,Я,+447481972607,Ха
23/11/2017,13:17:54,Arkadii,+79818134222,Да,он им не понадобился
23/11/2017,13:18:17,Я,+447481972607,Выходит работать и тебе гречка станет вкусная)))))😂😂😂😂
23/11/2017,13:18:46,Arkadii,+79818134222,Но хорошо что копия была с собой.уточнили по ней все нюансы окончаний фамилий
23/11/2017,13:19:15,Arkadii,+79818134222,Это точно:)
23/11/2017,13:19:15,Я,+447481972607,Ааааа вот для  чего
23/11/2017,13:19:20,Arkadii,+79818134222,И фарш:)
23/11/2017,13:20:02,Arkadii,+79818134222,В опросов мало задавали
23/11/2017,13:20:03,Я,+447481972607,Все будет вкусно даже сухой хлеб
23/11/2017,13:20:44,Я,+447481972607,Им главно было узнать ты хочешь работать или сесть на бенефиты
23/11/2017,13:21:04,Я,+447481972607,Если работать то юр велкам
23/11/2017,13:21:15,Arkadii,+79818134222,:)
23/11/2017,13:21:24,Arkadii,+79818134222,Там много было желающих
23/11/2017,13:21:32,Arkadii,+79818134222,Работать все сюда едут
23/11/2017,13:22:22,Я,+447481972607,Многие берут иншуренз и садятся на бенефиты особенно матери одиночки
23/11/2017,13:22:45,Я,+447481972607,Поэтому они любят замужем и без детей🤣🤣🤣
23/11/2017,13:22:59,Arkadii,+79818134222,А-а,понятно
23/11/2017,13:23:07,Я,+447481972607,Ты для них идеальный вариант
23/11/2017,13:24:41,Arkadii,+79818134222,В общем Герасим очень рад!:)
23/11/2017,13:24:55,Arkadii,+79818134222,А я ещё не понимаю что происходит:)
23/11/2017,13:25:31,Я,+447481972607,Теперь а банк за карточкой
23/11/2017,18:45:44,Arkadii,+79818134222,Наталья,я решила не идти.буду филонить
23/11/2017,18:45:56,Arkadii,+79818134222,Мучить английский
23/11/2017,19:08:42,Я,+447481972607,Стикер
23/11/2017,21:36:11,Arkadii,+79818134222,Герасим приехал,отменил работу и мы поехали на концерт в консу:)
23/11/2017,22:51:05,Я,+447481972607,Сегодня никому работать не захотелось))
27/11/2017,18:33:06,Я,+447481972607,На 6 -45  массаж
29/11/2017,18:56:54,Arkadii,+79818134222,Ок!
05/12/2017,08:44:02,Я,+447481972607,Станешь мне фоток?
05/12/2017,10:03:34,Arkadii,+79818134222,Фото
05/12/2017,10:03:34,Arkadii,+79818134222,Фото
05/12/2017,10:03:34,Arkadii,+79818134222,Фото
05/12/2017,10:03:35,Arkadii,+79818134222,Фото
05/12/2017,10:03:35,Arkadii,+79818134222,Фото
05/12/2017,10:03:35,Arkadii,+79818134222,Фото
05/12/2017,10:03:35,Arkadii,+79818134222,Фото
05/12/2017,10:03:37,Arkadii,+79818134222,With pleasure :)
05/12/2017,11:22:53,Я,+447481972607,Thanks
05/12/2017,11:23:33,Arkadii,+79818134222,With with pleasure:)
05/12/2017,11:26:05,Я,+447481972607,И какой нибудь вид Лондона красивый плиииз
05/12/2017,11:28:33,Arkadii,+79818134222,Хорошо
05/12/2017,11:29:57,Arkadii,+79818134222,Фото
05/12/2017,11:29:57,Arkadii,+79818134222,Фото
05/12/2017,11:29:58,Arkadii,+79818134222,Фото
05/12/2017,11:29:58,Arkadii,+79818134222,Фото
05/12/2017,11:29:58,Arkadii,+79818134222,Фото
05/12/2017,11:29:58,Arkadii,+79818134222,Фото
05/12/2017,11:29:58,Arkadii,+79818134222,Фото
05/12/2017,11:29:58,Arkadii,+79818134222,Фото
05/12/2017,11:30:12,Arkadii,+79818134222,Фото
05/12/2017,14:29:34,Arkadii,+79818134222,Если что ,я потушила овощи
05/12/2017,14:29:57,Arkadii,+79818134222,Фото
05/12/2017,14:30:21,Arkadii,+79818134222,Сходила на итервью сюда.знаете где это?возле дома
05/12/2017,14:30:50,Arkadii,+79818134222,В четверг позвали пробоваться с 11 до 15
05/12/2017,14:35:41,Arkadii,+79818134222,Овощи стоят в чашке.возле плиты
05/12/2017,16:34:32,Я,+447481972607,Классно с интервью!!! Было бы
17/12/2017,01:20:43,Arkadii,+79818134222,Наталья,как вы там???мы ждем фоточек!:)
17/12/2017,10:12:38,Я,+447481972607,Фото
17/12/2017,10:12:38,Я,+447481972607,Фото
17/12/2017,10:12:38,Я,+447481972607,Фото
17/12/2017,10:12:38,Я,+447481972607,Фото
17/12/2017,10:12:38,Я,+447481972607,Фото
17/12/2017,10:12:38,Я,+447481972607,Фото
17/12/2017,10:12:38,Я,+447481972607,Фото
17/12/2017,14:06:48,Arkadii,+79818134222,Очень здорово!
17/12/2017,14:29:26,Я,+447481972607,Фото
17/12/2017,14:29:26,Я,+447481972607,Фото
17/12/2017,14:29:26,Я,+447481972607,Фото
17/12/2017,14:29:26,Я,+447481972607,Фото
17/12/2017,14:57:34,Я,+447481972607,Вы как там?
17/12/2017,16:54:47,Arkadii,+79818134222,Вам всё нравится???
17/12/2017,16:55:19,Arkadii,+79818134222,Герасим уже несколько раз смотрел билеты на канары:) тоже хочет:)
17/12/2017,16:55:53,Arkadii,+79818134222,Мы вчера готовили сыр!очень вкусно!вы должны обязательно попробовать!!!
17/12/2017,16:56:33,Arkadii,+79818134222,Фото
17/12/2017,16:56:33,Arkadii,+79818134222,Фото
17/12/2017,16:56:49,Arkadii,+79818134222,Фото до и после
17/12/2017,16:57:13,Arkadii,+79818134222,Фотки у вас крутые
17/12/2017,19:52:17,Я,+447481972607,Короче не скучно вам. Как работа?
17/12/2017,20:37:36,Я,+447481972607,Фото
17/12/2017,20:37:36,Я,+447481972607,Фото
17/12/2017,20:37:36,Я,+447481972607,Фото
17/12/2017,20:37:56,Arkadii,+79818134222,Два дня отдыхала.как белый человек в субботу и воскресенье:)
17/12/2017,20:38:27,Arkadii,+79818134222,Загорели?
17/12/2017,20:38:32,Я,+447481972607,А работа как вообще
17/12/2017,20:38:47,Arkadii,+79818134222,Нормально,справляюсь
17/12/2017,20:39:03,Arkadii,+79818134222,Мне кажется я им понравилась:)
17/12/2017,20:39:07,Я,+447481972607,Загорела чуть чуть
17/12/2017,20:39:18,Arkadii,+79818134222,Работа похожа как в заре
17/12/2017,20:39:32,Я,+447481972607,Ну хорошо что справляешься
17/12/2017,20:39:38,Arkadii,+79818134222,Сейчас суп готовлю тыквенный
17/12/2017,20:39:50,Я,+447481972607,Вау
17/12/2017,20:39:58,Arkadii,+79818134222,Да,уже даже клиентам помогала
17/12/2017,20:40:08,Я,+447481972607,Я такое люблю
17/12/2017,20:40:30,Arkadii,+79818134222,Ещё потом приготовлю когда вы приедете:)
17/12/2017,20:41:29,Я,+447481972607,Уже скоро вернусь. Дни летят быстро
17/12/2017,20:44:20,Arkadii,+79818134222,Когда вы возвращается?
17/12/2017,20:44:39,Arkadii,+79818134222,Возвращаетесь
18/12/2017,15:52:22,Я,+447481972607,Фото
18/12/2017,18:31:47,Arkadii,+79818134222,По-моему вы уже прилично загорели!:)очень красиво!!!
19/12/2017,11:42:10,Я,+447481972607,Фото
19/12/2017,11:42:10,Я,+447481972607,Фото
19/12/2017,11:42:10,Я,+447481972607,Фото
19/12/2017,11:42:10,Я,+447481972607,Фото
19/12/2017,11:42:10,Я,+447481972607,Фото
19/12/2017,11:42:10,Я,+447481972607,Фото
19/12/2017,11:42:10,Я,+447481972607,Фото
19/12/2017,19:04:05,Arkadii,+79818134222,Наталья,круто!!!!!!!!!:)
19/12/2017,19:04:20,Arkadii,+79818134222,Особенно вкусняшки:)
19/12/2017,20:14:50,Я,+447481972607,Фото
19/12/2017,20:14:50,Я,+447481972607,Фото
19/12/2017,20:14:50,Я,+447481972607,Фото
19/12/2017,20:14:50,Я,+447481972607,Фото
19/12/2017,20:14:50,Я,+447481972607,Фото
19/12/2017,20:14:50,Я,+447481972607,Фото
19/12/2017,20:14:50,Я,+447481972607,Фото
19/12/2017,20:14:50,Я,+447481972607,Фото
19/12/2017,20:14:50,Я,+447481972607,Фото
20/12/2017,01:04:55,Arkadii,+79818134222,Супер!!!
20/12/2017,08:22:11,Я,+447481972607,Скоро увидимся!
20/12/2017,10:32:38,Arkadii,+79818134222,Хорошо!:)
20/12/2017,10:33:00,Arkadii,+79818134222,Восколько приедете?у меня выходной
20/12/2017,10:43:50,Я,+447481972607,Сколько у тебя выходных?!!!
20/12/2017,10:45:17,Я,+447481972607,Ты говорила суббота- воскресенье как у белых людей еще и среда? Я прилетаю в 4-30 часа 2 буду добираться. Холодно у вас? А то я отвыкла😂😂😂😂
20/12/2017,10:46:46,Arkadii,+79818134222,Один раз выпало что сб вс.это была прошлая неделя.А на этой неделе среда и суббота..
20/12/2017,10:46:57,Arkadii,+79818134222,У нас дождь...
20/12/2017,10:47:08,Arkadii,+79818134222,Но так тепло:)
20/12/2017,10:47:56,Arkadii,+79818134222,Сегодня иду на занятия по английскому
20/12/2017,10:49:15,Я,+447481972607,Прогрессируешь!!! Все таки записалась, молодец
20/12/2017,10:50:06,Arkadii,+79818134222,В школе сейчас каникулы,поэтому записалась пока на индивидуальные
20/12/2017,10:51:05,Я,+447481972607,Фото
20/12/2017,10:51:16,Я,+447481972607,Солнечно
20/12/2017,10:52:43,Arkadii,+79818134222,О,представляю как не охото уезжать оттуда
20/12/2017,10:53:09,Arkadii,+79818134222,По вашим  фото мне понравилось там
20/12/2017,10:53:15,Я,+447481972607,Совсем неохота
20/12/2017,16:00:42,Arkadii,+79818134222,Сегодня попросили выйти на работу.так что не увидимся вечером...
20/12/2017,20:34:10,Я,+447481972607,Увиделись😆😆😆
20/12/2017,20:34:55,Я,+447481972607,Я попробовала твой суп, было вкусно , но он закончился😂😂😂
20/12/2017,20:35:32,Я,+447481972607,Сварила лапшу с овощами в той же кастрюле, еште
23/12/2017,13:15:42,Arkadii,+79818134222,Сказали что постараются в течении часа
23/12/2017,13:16:18,Я,+447481972607,Тебе получается отправить?
23/12/2017,13:17:20,Я,+447481972607,outgoing_call
24/12/2017,13:56:53,Arkadii,+79818134222,Как называлось вино которое мы пили?
24/12/2017,14:00:08,Я,+447481972607,Понятия не имею даже не читала
24/12/2017,14:26:00,Я,+447481972607,В 5 будет массаж , плииз
24/12/2017,17:18:26,Arkadii,+79818134222,Ок
31/12/2017,12:15:01,Arkadii,+79818134222,Я собираюсь в магазин.могу купить что вы ещё хотели
31/12/2017,12:15:09,Arkadii,+79818134222,Я не помню что
03/01/2018,17:11:03,Я,+447481972607,Сдала экзамен
03/01/2018,23:10:37,Arkadii,+79818134222,Поздравляю!!!!
03/01/2018,23:10:51,Arkadii,+79818134222,Вы что-ли отмечаете до сих пор??:)
03/01/2018,23:11:23,Arkadii,+79818134222,В ваших способностях никто не сомневался!!!:)
06/01/2018,14:47:36,Arkadii,+79818134222,Вы сегодня пойдете что-нибудь покупать на эту улицу магазинов?
06/01/2018,14:48:17,Arkadii,+79818134222,Я сегодня мерила джинсы,не решилась купить,хотела бы чтоб кто-нибудь посмотрел со стороны
06/01/2018,16:23:35,Я,+447481972607,Где встречаемся? Дома?
06/01/2018,16:31:31,Arkadii,+79818134222,Что вы согласны?
06/01/2018,16:31:44,Arkadii,+79818134222,Что-то звоню вам,не отвечаете
06/01/2018,16:32:07,Arkadii,+79818134222,Я могу подойти у улице если что
06/01/2018,16:32:47,Я,+447481972607,Работаю
06/01/2018,16:32:53,Arkadii,+79818134222,Вы когда освобождаетесь?
06/01/2018,16:32:57,Я,+447481972607,Только закончила
06/01/2018,16:33:07,Я,+447481972607,Уже иду домой
06/01/2018,16:33:29,Я,+447481972607,Можешь выходить к магазинам в начало улицы
06/01/2018,16:33:42,Arkadii,+79818134222,Хорошо
06/01/2018,16:53:08,Я,+447481972607,outgoing_call
07/01/2018,09:52:04,Arkadii,+79818134222,Очень вкусная кутья!!!
07/01/2018,11:03:33,Я,+447481972607,Ну ешь на здоровье. С Рождеством Христовым тебя!
07/01/2018,11:13:27,Arkadii,+79818134222,С Рождеством!
07/01/2018,14:26:52,Я,+447481972607,В 4-15  один массаж и в 5-30 второй
07/01/2018,14:49:07,Arkadii,+79818134222,Хорошо!
09/01/2018,19:19:09,Я,+447481972607,В 7-15 будет массаж
11/01/2018,17:45:51,Я,+447481972607,В 6-30 будет массаж
20/01/2018,09:36:02,Arkadii,+79818134222,Где вы купили вафли не сладкие?
20/01/2018,10:03:46,Я,+447481972607,Соседка купиласв со львом магазине. У меня массажа 2 сегодня 6-30- 8-30.Ок?
20/01/2018,10:04:05,Я,+447481972607,В польском магазине
20/01/2018,10:08:33,Arkadii,+79818134222,Of course!:)
23/01/2018,18:24:46,Я,+447481972607,На 6 массаж
24/01/2018,14:28:33,Я,+447481972607,Ты как? Дома? У меня на 2 массаж
24/01/2018,17:26:34,Arkadii,+79818134222,Не,я же работаю...
24/01/2018,17:26:46,Arkadii,+79818134222,Я только в субботу воскресенье дома
24/01/2018,17:26:57,Arkadii,+79818134222,Брейк сейчас
24/01/2018,17:27:11,Я,+447481972607,Я с Герасимом перепутала
24/01/2018,17:27:13,Arkadii,+79818134222,Как экзамен???????
24/01/2018,17:27:22,Я,+447481972607,Сдала!!!!!!!!
24/01/2018,17:27:33,Arkadii,+79818134222,Здорово!:)
24/01/2018,17:27:39,Я,+447481972607,Массаж уже сделала
24/01/2018,17:27:46,Arkadii,+79818134222,Я рада за вас!
24/01/2018,17:28:01,Я,+447481972607,Поговорю  со своими и пойду печь пиццу
24/01/2018,17:28:16,Я,+447481972607,Все спрашивают как отмечать будем
24/01/2018,17:28:35,Я,+447481972607,Дома с вином? Или сходим куда-нибудь?
24/01/2018,17:28:50,Arkadii,+79818134222,Скажите,мы каждый день отмечаем на высшем уровне:)
24/01/2018,17:29:04,Я,+447481972607,Это да
24/01/2018,17:29:18,Я,+447481972607,Ну что то придумаем
24/01/2018,17:29:47,Arkadii,+79818134222,Надо отмечать когда диплом дадут:)
24/01/2018,17:30:04,Я,+447481972607,Так и сделаем
25/01/2018,10:26:13,Я,+447481972607,Как самочувствие? Что случилось?
25/01/2018,13:21:47,Arkadii,+79818134222,Ходила всю ночь в туалет...
25/01/2018,13:22:07,Arkadii,+79818134222,Утром вырвало.думала не выживу:)
25/01/2018,13:22:13,Arkadii,+79818134222,Уже все прошло
25/01/2018,13:22:39,Arkadii,+79818134222,Вчера съела манго и запила его кефиром....
25/01/2018,13:24:02,Arkadii,+79818134222,Наверное из-за этого:)
25/01/2018,13:24:02,Arkadii,+79818134222,На брейке поела пиццу  очень мне понравилась.жалко мало взяла,думала что ее буду сегодня есть
25/01/2018,16:34:30,Я,+447481972607,Я думала ты вообще есть не будешь после отравления, но твой аппетит ничем не пробьешь😂😂😂!
27/01/2018,15:23:13,Arkadii,+79818134222,Можно вас попросить вытащить бельё со стиральной машины как придете домой?
27/01/2018,16:30:42,Я,+447481972607,Ok
27/01/2018,16:30:59,Я,+447481972607,А ты где?
27/01/2018,21:20:19,Arkadii,+79818134222,Буду дома через минут 15
28/01/2018,13:23:14,Arkadii,+79818134222,Если что,я купила молоко и масло
28/01/2018,14:04:02,Я,+447481972607,Ok
29/01/2018,18:55:28,Я,+447481972607,Сегодня в 7 ,: завтра в 5-45
30/01/2018,00:16:08,Arkadii,+79818134222,Хорошо:)
Завтра я работаю до 7...
31/01/2018,13:16:22,Я,+447481972607,Хорошо что я отдохнула!!! Сегодня 3 массажа хотят на 2, 3 и 6!!
31/01/2018,13:42:17,Arkadii,+79818134222,О,хорошо!:)
31/01/2018,13:48:47,Я,+447481972607,Только я готовить не успею. Утром я в комнате убрала и сразу массаж и потом. Даже в магазин не сходила
04/02/2018,13:56:50,Я,+447481972607,outgoing_call
11/02/2018,23:16:46,Arkadii,+79818134222,[{"Type":""},{"Type":""},{"Action":{"name":"openurl","parameters":{"type":"regular","external":"true","url":"https:\/\/youtu.be\/270jdBNtUqI"}},"Type":"vdo","ThumbnailHeight":225,"ThumbnailWidth":400,"ThumbnailUrl":"https:\/\/i.ytimg.com\/vi\/270jdBNtUqI\/maxresdefault.jpg"},{"Type":""},{"Action":{"name":"openurl","parameters":{"type":"regular","external":"true","url":"https:\/\/youtu.be\/270jdBNtUqI"}},"Type":"txt","Color":1470418,"Size":1,"Underline":"true","MaxLinesNumber":2,"Text":"Learn English: The story of the stingy man","TextSpans":"no_sp"},{"Action":{"name":"openurl","parameters":{"type":"regular","external":"true","url":"https:\/\/youtu.be\/270jdBNtUqI"}},"Type":"txt","Color":8553090,"Size":1,"Text":"youtu.be","TextSpans":"no_sp"},{"Type":"info","PushText":"https:\/\/youtu.be\/270jdBNtUqI","PreviewText":"https:\/\/youtu.be\/270jdBNtUqI"}]
13/02/2018,10:15:44,Arkadii,+79818134222,Наталья,вы стирали мои носки?
13/02/2018,10:16:20,Arkadii,+79818134222,Что-то не могу найти :)
13/02/2018,10:21:48,Я,+447481972607,В машинке
13/02/2018,10:36:51,Arkadii,+79818134222,Ага,нашла
14/02/2018,11:23:50,Я,+447481972607,outgoing_call
14/02/2018,11:24:16,Я,+447481972607,Было бы неплохо если бы ты купила яйца
16/02/2018,13:30:20,Arkadii,+79818134222,Если что,салат наш стоит
16/02/2018,13:30:47,Arkadii,+79818134222,Если что,я купила хлеб:)
16/02/2018,16:32:26,Я,+447481972607,Ок!
02/03/2018,17:34:11,Я,+447481972607,На 6 массаж
08/03/2018,16:43:50,Я,+447481972607,outgoing_call
08/03/2018,16:46:16,Arkadii,+79818134222,missed_call
08/03/2018,16:44:44,Я,+447481972607,outgoing_call
12/03/2018,14:44:46,Arkadii,+79818134222,Селедку купила
12/03/2018,14:45:16,Arkadii,+79818134222,Даже порезала
12/03/2018,14:45:25,Arkadii,+79818134222,Осталось съесть:)
12/03/2018,16:30:21,Я,+447481972607,Не переживай насчет этого😂😂😂😂
12/03/2018,16:31:03,Arkadii,+79818134222,Ок:)
12/03/2018,16:31:26,Arkadii,+79818134222,Я ещё сделала салат и лапшу
12/03/2018,16:35:58,Я,+447481972607,А я думала картошку к селедке.
12/03/2018,16:36:05,Я,+447481972607,Не покупать?
12/03/2018,16:36:48,Arkadii,+79818134222,Ну с картошкой лучше будет
12/03/2018,16:37:15,Arkadii,+79818134222,Я ещё посолила скумбрию.но она завтра или после завтра будет готова
12/03/2018,16:37:25,Я,+447481972607,Поняла
12/03/2018,16:38:44,Arkadii,+79818134222,Если вы в магазин только за короткой ,то можно и не брать
12/03/2018,16:39:10,Я,+447481972607,Я за всем
12/03/2018,16:39:23,Я,+447481972607,У меня йогурт кончился
13/03/2018,19:35:25,Я,+447481972607,На 6 -45  массаж, сорри
14/03/2018,21:54:28,Я,+447481972607,Фото
14/03/2018,21:54:34,Я,+447481972607,Фото
14/03/2018,21:54:34,Я,+447481972607,Фото
14/03/2018,21:54:34,Я,+447481972607,Фото
14/03/2018,22:26:39,Arkadii,+79818134222,Фото
14/03/2018,22:26:39,Arkadii,+79818134222,Фото
14/03/2018,22:26:39,Arkadii,+79818134222,Фото
14/03/2018,22:26:40,Arkadii,+79818134222,Фото
14/03/2018,22:26:40,Arkadii,+79818134222,Фото
14/03/2018,22:27:01,Arkadii,+79818134222,Фото
14/03/2018,22:27:01,Arkadii,+79818134222,Фото
14/03/2018,22:27:01,Arkadii,+79818134222,Фото
14/03/2018,22:27:02,Arkadii,+79818134222,Фото
14/03/2018,22:27:02,Arkadii,+79818134222,Фото
14/03/2018,22:27:02,Arkadii,+79818134222,Фото
14/03/2018,22:27:02,Arkadii,+79818134222,Фото
14/03/2018,22:27:02,Arkadii,+79818134222,Фото
14/03/2018,22:27:02,Arkadii,+79818134222,Фото
14/03/2018,22:27:02,Arkadii,+79818134222,Фото
14/03/2018,22:27:03,Arkadii,+79818134222,Фото
14/03/2018,22:27:03,Arkadii,+79818134222,Фото
14/03/2018,22:27:03,Arkadii,+79818134222,Фото
14/03/2018,22:27:03,Arkadii,+79818134222,Фото
14/03/2018,22:27:26,Arkadii,+79818134222,Фото
14/03/2018,22:27:26,Arkadii,+79818134222,Фото
14/03/2018,22:27:26,Arkadii,+79818134222,Фото
14/03/2018,22:27:26,Arkadii,+79818134222,Фото
14/03/2018,22:27:26,Arkadii,+79818134222,Фото
14/03/2018,22:27:26,Arkadii,+79818134222,Фото
14/03/2018,22:27:27,Arkadii,+79818134222,Фото
14/03/2018,22:27:27,Arkadii,+79818134222,Фото
14/03/2018,22:27:27,Arkadii,+79818134222,Фото
14/03/2018,22:27:27,Arkadii,+79818134222,Фото
14/03/2018,22:27:49,Arkadii,+79818134222,Фото
14/03/2018,22:27:49,Arkadii,+79818134222,Фото
14/03/2018,22:27:49,Arkadii,+79818134222,Фото
14/03/2018,22:27:49,Arkadii,+79818134222,Фото
14/03/2018,22:27:49,Arkadii,+79818134222,Фото
14/03/2018,22:27:49,Arkadii,+79818134222,Фото
14/03/2018,22:27:50,Arkadii,+79818134222,Фото
14/03/2018,22:27:50,Arkadii,+79818134222,Фото
14/03/2018,22:27:50,Arkadii,+79818134222,Фото
14/03/2018,22:27:51,Arkadii,+79818134222,Фото
14/03/2018,22:28:14,Arkadii,+79818134222,Фото
14/03/2018,22:28:14,Arkadii,+79818134222,Фото
14/03/2018,22:28:14,Arkadii,+79818134222,Фото
14/03/2018,22:28:14,Arkadii,+79818134222,Фото
14/03/2018,22:28:14,Arkadii,+79818134222,Фото
14/03/2018,22:28:14,Arkadii,+79818134222,Фото
14/03/2018,22:28:15,Arkadii,+79818134222,Фото
14/03/2018,22:28:15,Arkadii,+79818134222,Фото
14/03/2018,22:28:15,Arkadii,+79818134222,Фото
14/03/2018,22:34:03,Arkadii,+79818134222,Фото
14/03/2018,22:34:03,Arkadii,+79818134222,Фото
15/03/2018,15:15:51,Arkadii,+79818134222,Наталья,с днем рождения!!!!:)))
15/03/2018,15:16:04,Arkadii,+79818134222,Утром совсем вылетело из головы!!!!
15/03/2018,15:16:47,Arkadii,+79818134222,На работе как вспомнила,подумала ёмаё!
15/03/2018,17:02:47,Я,+447481972607,Спасибо! Так мы с вчера поздравляться начали😂😂😂
18/03/2018,14:15:35,Я,+447481972607,На 5 будет массаж
22/03/2018,23:44:46,Я,+447481972607,Фото
22/03/2018,23:44:46,Я,+447481972607,Фото
22/03/2018,23:44:46,Я,+447481972607,Фото
22/03/2018,23:44:46,Я,+447481972607,Фото
22/03/2018,23:44:46,Я,+447481972607,Фото
22/03/2018,23:44:46,Я,+447481972607,Фото
22/03/2018,23:45:05,Я,+447481972607,Фото
22/03/2018,23:45:05,Я,+447481972607,Фото
22/03/2018,23:45:05,Я,+447481972607,Фото
22/03/2018,23:45:05,Я,+447481972607,Фото
23/03/2018,23:02:18,Я,+447481972607,Фото
23/03/2018,23:02:18,Я,+447481972607,Фото
23/03/2018,23:02:18,Я,+447481972607,Фото
23/03/2018,23:02:18,Я,+447481972607,Фото
23/03/2018,23:02:18,Я,+447481972607,Фото
23/03/2018,23:02:18,Я,+447481972607,Фото
23/03/2018,23:02:18,Я,+447481972607,Фото
23/03/2018,23:02:18,Я,+447481972607,Фото
23/03/2018,23:02:18,Я,+447481972607,Фото
23/03/2018,23:02:22,Я,+447481972607,Фото
23/03/2018,23:02:28,Я,+447481972607,Фото
23/03/2018,23:02:33,Я,+447481972607,Фото
23/03/2018,23:02:37,Я,+447481972607,Фото
26/03/2018,22:55:17,Arkadii,+79818134222,Только сегодня  получила телефон после ремонта.фото Толик показывал.очень здорово!!!
26/03/2018,23:04:45,Arkadii,+79818134222,Особенно с галивудом крутая :)
26/03/2018,23:08:19,Я,+447481972607,Здесь все мега круто
26/03/2018,23:08:26,Я,+447481972607,Как вы там?
26/03/2018,23:09:32,Arkadii,+79818134222,Представляю под какими вы сейчас впечатлениями! :)
26/03/2018,23:10:32,Arkadii,+79818134222,Мне опять попало от Станиславы...за обогреватель, мол хозяину приходится много платить за него...
26/03/2018,23:10:55,Arkadii,+79818134222,Вот такими мелочами живем..:) в отличии от вас :)
26/03/2018,23:12:47,Я,+447481972607,А Герасиму оа ничего не говорила, он по два сразу включал
26/03/2018,23:13:01,Я,+447481972607,Вот что значит быть любимчиком
26/03/2018,23:13:05,Arkadii,+79818134222,Фотографируйте всё там!потом интересно будет смотреть!!
26/03/2018,23:13:13,Я,+447481972607,Ок!
26/03/2018,23:13:46,Arkadii,+79818134222,Она прям голову к нам с проверкой засунула в комнату...
26/03/2018,23:17:25,Я,+447481972607,Ну хоть желтый спрячть в подвале. Белый не так заметен и я его куда- нибудь прятала раньше
26/03/2018,23:20:05,Arkadii,+79818134222,Она белый видела
26/03/2018,23:25:51,Я,+447481972607,🙄
27/03/2018,21:28:33,Arkadii,+79818134222,По фотографии в фейсбуке вы аж помолодели!!!:)
28/03/2018,00:54:52,Я,+447481972607,Надо уметь выбирать ракурс или свет, в общем осталась какая есть, только выкладываю наиболее удачные. Веселое путешествие, хорошая компания, я довольна
28/03/2018,01:11:37,Я,+447481972607,Фото
28/03/2018,01:11:37,Я,+447481972607,Фото
28/03/2018,01:11:37,Я,+447481972607,Фото
28/03/2018,01:11:37,Я,+447481972607,Фото
28/03/2018,01:11:37,Я,+447481972607,Фото
28/03/2018,01:11:37,Я,+447481972607,Фото
28/03/2018,01:12:44,Arkadii,+79818134222,Не реально!!!:)
28/03/2018,01:12:57,Arkadii,+79818134222,Другой мир!!!
28/03/2018,01:14:02,Arkadii,+79818134222,Вы в кофточке.там прохладно?
28/03/2018,01:30:11,Я,+447481972607,На солнце жарко а ветер холодный
28/03/2018,01:30:57,Я,+447481972607,Фото
28/03/2018,01:30:57,Я,+447481972607,Фото
28/03/2018,01:30:57,Я,+447481972607,Фото
28/03/2018,01:30:57,Я,+447481972607,Фото
28/03/2018,01:30:57,Я,+447481972607,Фото
28/03/2018,01:31:41,Arkadii,+79818134222,Здорово! :)
28/03/2018,01:33:47,Arkadii,+79818134222,Фото такие четкие!
28/03/2018,01:34:48,Я,+447481972607,У тебя сто на работе и вообще в жизни?
28/03/2018,01:35:51,Arkadii,+79818134222,Да всё также...всё не понятно
28/03/2018,01:36:35,Arkadii,+79818134222,Решила что в любом случае работаю до числа 20 мая,там домой,а там посмотрим..
28/03/2018,01:37:35,Arkadii,+79818134222,Фото
28/03/2018,01:37:48,Arkadii,+79818134222,Ту куртку сдала,купила эту :)
28/03/2018,01:37:56,Arkadii,+79818134222,Думаю теперь :)
28/03/2018,01:38:13,Arkadii,+79818134222,И две пары обуви сдала..
28/03/2018,01:38:25,Arkadii,+79818134222,Одну только оставила
28/03/2018,01:38:33,Arkadii,+79818134222,Как вам?
28/03/2018,01:38:44,Arkadii,+79818134222,Опять черное...:)
28/03/2018,01:40:38,Я,+447481972607,Не черное,клеточка хорошо
28/03/2018,01:41:16,Я,+447481972607,Оставила б, то имела что носить, но если ты уезжаешь то тебе деньги нужнее
28/03/2018,01:41:32,Я,+447481972607,Не переживай, еще купишь
28/03/2018,01:42:16,Arkadii,+79818134222,Я тоже так подумала,вдруг ещё что-то понравится,а я понапокупала тут
29/03/2018,16:46:44,Я,+447481972607,Фото
29/03/2018,16:46:44,Я,+447481972607,Фото
29/03/2018,16:46:44,Я,+447481972607,Фото
29/03/2018,16:46:44,Я,+447481972607,Фото
29/03/2018,16:46:44,Я,+447481972607,Фото
29/03/2018,16:46:44,Я,+447481972607,Фото
29/03/2018,16:46:44,Я,+447481972607,Фото
29/03/2018,16:46:44,Я,+447481972607,Фото
29/03/2018,16:46:44,Я,+447481972607,Фото
29/03/2018,16:46:44,Я,+447481972607,Фото
29/03/2018,16:46:59,Я,+447481972607,Фото
29/03/2018,16:46:59,Я,+447481972607,Фото
29/03/2018,16:46:59,Я,+447481972607,Фото
29/03/2018,16:46:59,Я,+447481972607,Фото
29/03/2018,16:46:59,Я,+447481972607,Фото
29/03/2018,16:46:59,Я,+447481972607,Фото
29/03/2018,16:47:11,Я,+447481972607,Фото
29/03/2018,16:47:11,Я,+447481972607,Фото
29/03/2018,16:47:11,Я,+447481972607,Фото
29/03/2018,16:47:11,Я,+447481972607,Фото
29/03/2018,16:47:11,Я,+447481972607,Фото
29/03/2018,16:47:20,Я,+447481972607,Фото
29/03/2018,16:47:20,Я,+447481972607,Фото
29/03/2018,16:47:20,Я,+447481972607,Фото
29/03/2018,16:47:36,Я,+447481972607,Фото
29/03/2018,16:47:36,Я,+447481972607,Фото
29/03/2018,16:47:36,Я,+447481972607,Фото
29/03/2018,16:47:36,Я,+447481972607,Фото
29/03/2018,16:47:36,Я,+447481972607,Фото
29/03/2018,16:47:49,Я,+447481972607,Фото
29/03/2018,16:47:49,Я,+447481972607,Фото
29/03/2018,16:47:49,Я,+447481972607,Фото
29/03/2018,16:47:49,Я,+447481972607,Фото
29/03/2018,16:48:25,Я,+447481972607,Фото
29/03/2018,16:48:25,Я,+447481972607,Фото
29/03/2018,16:48:25,Я,+447481972607,Фото
29/03/2018,16:48:25,Я,+447481972607,Фото
29/03/2018,16:48:25,Я,+447481972607,Фото
29/03/2018,16:48:25,Я,+447481972607,Фото
29/03/2018,16:48:25,Я,+447481972607,Фото
29/03/2018,16:48:25,Я,+447481972607,Фото
29/03/2018,16:48:25,Я,+447481972607,Фото
29/03/2018,16:48:36,Я,+447481972607,Фото
29/03/2018,17:16:13,Arkadii,+79818134222,Наталья,очень круто!
29/03/2018,17:25:00,Я,+447481972607,Сама в шоке
31/03/2018,10:56:10,Я,+447481972607,Фото
31/03/2018,10:56:10,Я,+447481972607,Фото
31/03/2018,10:56:10,Я,+447481972607,Фото
31/03/2018,10:56:10,Я,+447481972607,Фото
31/03/2018,10:56:10,Я,+447481972607,Фото
31/03/2018,10:56:10,Я,+447481972607,Фото
31/03/2018,10:56:10,Я,+447481972607,Фото
31/03/2018,10:56:10,Я,+447481972607,Фото
31/03/2018,10:56:10,Я,+447481972607,Фото
31/03/2018,10:56:10,Я,+447481972607,Фото
31/03/2018,10:56:30,Я,+447481972607,Специально для тебя фото
31/03/2018,10:56:37,Я,+447481972607,Фото
31/03/2018,10:56:37,Я,+447481972607,Фото
31/03/2018,10:56:37,Я,+447481972607,Фото
31/03/2018,10:56:53,Я,+447481972607,Фото
31/03/2018,10:56:53,Я,+447481972607,Фото
31/03/2018,10:56:53,Я,+447481972607,Фото
31/03/2018,10:56:53,Я,+447481972607,Фото
31/03/2018,10:56:53,Я,+447481972607,Фото
31/03/2018,10:56:53,Я,+447481972607,Фото
31/03/2018,10:56:53,Я,+447481972607,Фото
31/03/2018,10:56:53,Я,+447481972607,Фото
31/03/2018,10:56:53,Я,+447481972607,Фото
31/03/2018,10:56:53,Я,+447481972607,Фото
31/03/2018,10:57:02,Я,+447481972607,Фото
31/03/2018,10:57:02,Я,+447481972607,Фото
31/03/2018,10:57:02,Я,+447481972607,Фото
31/03/2018,10:57:02,Я,+447481972607,Фото
31/03/2018,10:57:02,Я,+447481972607,Фото
31/03/2018,10:57:02,Я,+447481972607,Фото
31/03/2018,10:57:15,Я,+447481972607,Фото
31/03/2018,10:57:15,Я,+447481972607,Фото
31/03/2018,10:57:15,Я,+447481972607,Фото
31/03/2018,10:57:15,Я,+447481972607,Фото
31/03/2018,10:57:15,Я,+447481972607,Фото
31/03/2018,10:57:15,Я,+447481972607,Фото
31/03/2018,10:57:15,Я,+447481972607,Фото
31/03/2018,10:57:15,Я,+447481972607,Фото
31/03/2018,10:57:15,Я,+447481972607,Фото
31/03/2018,10:57:26,Я,+447481972607,Фото
31/03/2018,10:57:26,Я,+447481972607,Фото
31/03/2018,10:57:26,Я,+447481972607,Фото
31/03/2018,10:57:26,Я,+447481972607,Фото
31/03/2018,10:57:26,Я,+447481972607,Фото
31/03/2018,10:57:26,Я,+447481972607,Фото
31/03/2018,10:57:26,Я,+447481972607,Фото
31/03/2018,10:57:26,Я,+447481972607,Фото
31/03/2018,10:57:26,Я,+447481972607,Фото
31/03/2018,10:57:26,Я,+447481972607,Фото
31/03/2018,10:57:42,Я,+447481972607,Фото
31/03/2018,10:57:42,Я,+447481972607,Фото
31/03/2018,10:57:42,Я,+447481972607,Фото
31/03/2018,10:57:42,Я,+447481972607,Фото
31/03/2018,10:57:42,Я,+447481972607,Фото
31/03/2018,10:57:42,Я,+447481972607,Фото
31/03/2018,10:57:42,Я,+447481972607,Фото
31/03/2018,10:57:42,Я,+447481972607,Фото
31/03/2018,10:57:42,Я,+447481972607,Фото
31/03/2018,10:57:42,Я,+447481972607,Фото
31/03/2018,10:57:55,Я,+447481972607,Фото
31/03/2018,10:57:55,Я,+447481972607,Фото
31/03/2018,10:57:55,Я,+447481972607,Фото
31/03/2018,10:57:55,Я,+447481972607,Фото
31/03/2018,10:57:55,Я,+447481972607,Фото
31/03/2018,10:57:55,Я,+447481972607,Фото
31/03/2018,10:57:55,Я,+447481972607,Фото
31/03/2018,10:57:55,Я,+447481972607,Фото
31/03/2018,10:57:55,Я,+447481972607,Фото
31/03/2018,10:57:55,Я,+447481972607,Фото
31/03/2018,10:58:06,Я,+447481972607,Фото
31/03/2018,10:58:06,Я,+447481972607,Фото
31/03/2018,10:58:06,Я,+447481972607,Фото
31/03/2018,10:58:06,Я,+447481972607,Фото
31/03/2018,10:57:15,Я,+447481972607,Фото
31/03/2018,11:46:11,Arkadii,+79818134222,И как теперь оттуда уезжать?????:)
31/03/2018,11:46:24,Arkadii,+79818134222,Платье как вам хорошо
31/03/2018,11:46:33,Arkadii,+79818134222,Мне кактусы понравились
31/03/2018,11:49:01,Arkadii,+79818134222,Это место где?
31/03/2018,14:31:59,Arkadii,+79818134222,Восколько прилетаете?
31/03/2018,14:51:48,Я,+447481972607,Это Сан Диего
31/03/2018,14:52:07,Я,+447481972607,Разница во времени 10 часов
31/03/2018,14:52:23,Arkadii,+79818134222,Ого
31/03/2018,14:53:47,Я,+447481972607,Поэтому вылетев отсюда в 9 вечера 10 в полете + 10 часов разницы прилечу в 6 вечера в воскресенье, где то в 10 буду
31/03/2018,14:55:58,Arkadii,+79818134222,Будем ждать :)
31/03/2018,14:57:03,Я,+447481972607,Я не покупала сувениров и даже шоколада здесь все в два раза дороже
31/03/2018,14:57:31,Я,+447481972607,Только шампуни из отелей))))
31/03/2018,14:57:34,Arkadii,+79818134222,Нам ничего не нужно!!!!!!:)
31/03/2018,14:57:53,Arkadii,+79818134222,Тут в лондоне всё есть
31/03/2018,14:58:12,Arkadii,+79818134222,Будем на слово вам верить  что там и как было :)
31/03/2018,14:58:18,Я,+447481972607,Не, ну интересно было бы попробовать что то но в Лондоне и правда все это есть
31/03/2018,14:58:39,Я,+447481972607,Кроме калифорнийского солнца))
31/03/2018,14:58:43,Arkadii,+79818134222,Вы главное отдыхайте там хорошо!!!
31/03/2018,14:58:55,Arkadii,+79818134222,Это точно!:)
31/03/2018,14:59:31,Я,+447481972607,Я впечатлений получила на всю жизнь
31/03/2018,14:59:44,Arkadii,+79818134222,Как я рада за вас
31/03/2018,14:59:48,Я,+447481972607,Будет что рассказать
31/03/2018,15:00:11,Arkadii,+79818134222,На ваши фото смотришь и тоже вречатляешься:)
31/03/2018,15:00:12,Я,+447481972607,И хороших и плохих. Обо всем полностью поменялось мнение
31/03/2018,15:00:28,Arkadii,+79818134222,Впечатляешься
31/03/2018,15:01:00,Arkadii,+79818134222,Ну порассказывайте нам тогда,чтоб мы тоже знали
31/03/2018,15:01:09,Я,+447481972607,Фото
31/03/2018,15:01:09,Я,+447481972607,Фото
31/03/2018,15:01:09,Я,+447481972607,Фото
31/03/2018,15:01:09,Я,+447481972607,Фото
31/03/2018,15:01:09,Я,+447481972607,Фото
31/03/2018,15:01:09,Я,+447481972607,Фото
31/03/2018,15:01:09,Я,+447481972607,Фото
31/03/2018,15:01:09,Я,+447481972607,Фото
31/03/2018,15:01:09,Я,+447481972607,Фото
31/03/2018,15:01:09,Я,+447481972607,Фото
31/03/2018,15:01:27,Я,+447481972607,Фото
31/03/2018,15:01:27,Я,+447481972607,Фото
31/03/2018,15:01:27,Я,+447481972607,Фото
31/03/2018,15:01:52,Я,+447481972607,Последняя экскурсия, старый город
31/03/2018,15:03:54,Arkadii,+79818134222,Очень здорово!!!!!
31/03/2018,15:04:21,Я,+447481972607,Ну до встречи!!!
31/03/2018,15:04:33,Arkadii,+79818134222,До встречи!:)
31/03/2018,15:04:42,Arkadii,+79818134222,Хорошего отдыха!!!
08/04/2018,09:00:44,Я,+447481972607,Христос воскрес!
09/04/2018,15:11:49,Arkadii,+79818134222,Молоко я купила
09/04/2018,15:42:12,Arkadii,+79818134222,А вы пойдете в магазин после работы?
09/04/2018,16:29:58,Я,+447481972607,Пойду
09/04/2018,16:30:52,Arkadii,+79818134222,Можете мне купить зубную щетку пожалуйста? Я забыла вчера у Герасима
09/04/2018,16:37:32,Я,+447481972607,Ок
09/04/2018,17:43:09,Arkadii,+79818134222,Вы где?
09/04/2018,17:43:27,Arkadii,+79818134222,У нас уже кортошка сварилась
09/04/2018,17:43:48,Arkadii,+79818134222,Остывает!вас ждем
09/04/2018,17:43:50,Я,+447481972607,Еще в магазине
09/04/2018,17:43:55,Я,+447481972607,Иду
14/04/2018,13:15:42,Arkadii,+79818134222,Если что,я купила молоко
14/04/2018,13:16:00,Arkadii,+79818134222,Готовлю рыбу и макороны
14/04/2018,14:32:57,Я,+447481972607,Супер
14/04/2018,14:36:57,Я,+447481972607,А на 5 у меня массаж
14/04/2018,14:56:22,Arkadii,+79818134222,Хорошо
16/04/2018,10:13:04,Я,+447481972607,На 7 массаж
16/04/2018,10:13:23,Я,+447481972607,Хорошего выходного дня!😉
16/04/2018,11:33:15,Arkadii,+79818134222,Спасибо!Хорошо! :)
20/04/2018,21:13:15,Я,+447481972607,Ты у Герасима? Что делать с капустами?
20/04/2018,21:13:52,Я,+447481972607,И спасибо за предоплату, я уже занесло и все довольны!!!
21/04/2018,09:17:49,Arkadii,+79818134222,Только прочитала:)
21/04/2018,09:18:09,Arkadii,+79818134222,Да,я у Герасима
21/04/2018,09:19:24,Arkadii,+79818134222,Вы что-то делали с капустой? Я просто купила.чтоб была :)
21/04/2018,10:24:40,Я,+447481972607,Я может салат сделаю? Я в литовском магазине видела. Два вида капусты, мясо, помидоры. Только капуста сырая. Или стушить хочешь?
21/04/2018,11:43:08,Arkadii,+79818134222,Конечно можете сделать
21/04/2018,11:44:11,Arkadii,+79818134222,Я просто не знала что купить.вот и купила капусту
21/04/2018,13:36:59,Я,+447481972607,А ты сегодня будешь?
21/04/2018,13:37:27,Arkadii,+79818134222,Нет.Герасим сразу завтра на работу увезет
21/04/2018,13:47:36,Я,+447481972607,Ясно. Какая тебе тогда разница что я сделаю с капустой😆😆😆
21/04/2018,13:47:42,Я,+447481972607,Шучу
21/04/2018,13:47:55,Я,+447481972607,Хорошего дня!!!
21/04/2018,14:04:59,Arkadii,+79818134222,Спасибо!:)
21/04/2018,14:05:23,Arkadii,+79818134222,И вам хорошего дня!:)
22/04/2018,23:08:39,Arkadii,+79818134222,Фото
22/04/2018,23:08:50,Arkadii,+79818134222,Интересная идея
22/04/2018,23:08:58,Arkadii,+79818134222,Фото
23/04/2018,14:04:27,Я,+447481972607,Будем делать?
23/04/2018,14:04:50,Я,+447481972607,Нее ее, твой рыбный пирог лучшеееее
23/04/2018,14:05:04,Я,+447481972607,Что там поделываешь?
23/04/2018,15:39:27,Arkadii,+79818134222,Английский...:) и спала
23/04/2018,15:39:42,Arkadii,+79818134222,Сегодня деньрождение у Зюзаны
23/04/2018,15:54:41,Я,+447481972607,Спасибо, будем поздравлять!!
27/04/2018,09:44:20,Arkadii,+79818134222,Я сделала :) мммммм
27/04/2018,09:44:30,Arkadii,+79818134222,Фото
27/04/2018,10:00:20,Я,+447481972607,Ух ты
27/04/2018,10:00:28,Я,+447481972607,Везет же нам
27/04/2018,10:01:48,Я,+447481972607,Там ы одной из коробочек чтруганое мясо можешь завернуть с шпинатом в блинчики и взять на роботу
27/04/2018,16:15:10,Arkadii,+79818134222,Я ужена работе..
27/04/2018,16:15:23,Arkadii,+79818134222,Вчера пробовала мясо.очень вкусное
28/04/2018,17:53:57,Я,+447481972607,Ты где? У меня на 5-30 массаж
28/04/2018,19:07:09,Arkadii,+79818134222,Я у Герасима
28/04/2018,19:07:34,Arkadii,+79818134222,Спасибо вам за чистые носочки ! :)
28/04/2018,19:25:30,Я,+447481972607,Суп доедать?
28/04/2018,19:27:04,Я,+447481972607,Чем будете заниматься? Обаидома,, не работаете. Будете гулять?
28/04/2018,19:33:08,Arkadii,+79818134222,Конечно доедать,если он ещё живой
28/04/2018,19:33:28,Arkadii,+79818134222,Герасим на учебу уехал
28/04/2018,19:33:37,Arkadii,+79818134222,Я английским занимаюсь
28/04/2018,19:34:04,Arkadii,+79818134222,Погода не прогулочная :)
28/04/2018,19:34:53,Arkadii,+79818134222,А вы чем занимаетесь?
28/04/2018,19:52:07,Я,+447481972607,Сейчас 2 массажа будет с 7ми до 9ти
28/04/2018,19:52:51,Я,+447481972607,В воскресенье ты здесь?
28/04/2018,20:55:01,Arkadii,+79818134222,Скорее всего к Герасиму поеду в воскресенье
29/04/2018,14:20:24,Arkadii,+79818134222,Я сегодня дома буду.к Герасиму не поеду
29/04/2018,16:46:39,Я,+447481972607,Ок
29/04/2018,20:48:24,Я,+447481972607,Мы поехали к моему брату на его лодку и тут останемся . Я взяла выходной.
29/04/2018,20:49:07,Я,+447481972607,Фото
29/04/2018,20:49:07,Я,+447481972607,Фото
29/04/2018,20:49:07,Я,+447481972607,Фото
29/04/2018,20:49:07,Я,+447481972607,Фото
29/04/2018,20:49:07,Я,+447481972607,Фото
29/04/2018,20:49:07,Я,+447481972607,Фото
29/04/2018,20:54:06,Arkadii,+79818134222,Ох ты!:)
29/04/2018,20:54:12,Arkadii,+79818134222,Круто!!!
29/04/2018,20:54:31,Arkadii,+79818134222,Братья так похожи!:)
29/04/2018,20:55:24,Я,+447481972607,Ты уже дома?
29/04/2018,20:55:55,Я,+447481972607,Они такие прикольные, мои братья! Меньший с Питера!
29/04/2018,20:57:09,Arkadii,+79818134222,Да,только пришла
29/04/2018,20:57:41,Arkadii,+79818134222,Заплатила за комнату
29/04/2018,22:39:56,Я,+447481972607,Супер! Балдей там одна, никто не мешает!!!! Завтра Толя на работу, а я может останусь, я вторник выходной взяла
05/05/2018,11:01:56,Я,+447481972607,Привет! Какие планы на такой погожий день?
05/05/2018,12:30:30,Arkadii,+79818134222,Да вот надо куда-то идти
05/05/2018,12:30:40,Arkadii,+79818134222,Думаю
05/05/2018,12:31:09,Arkadii,+79818134222,А у вас есть планы?
05/05/2018,12:43:59,Я,+447481972607,А я еще хуже устроилась. Работаю, а потом 3 массажа
05/05/2018,12:44:37,Arkadii,+79818134222,Ого
05/05/2018,12:45:21,Arkadii,+79818134222,Что-то 3 это слишком :)
05/05/2018,13:33:52,Я,+447481972607,Иди позагорай хоть что ли😆😆😆
05/05/2018,14:23:04,Arkadii,+79818134222,Я решила в центр поехать погулять
05/05/2018,15:01:11,Я,+447481972607,Лучше б на природу
05/05/2018,19:27:16,Arkadii,+79818134222,Фото
05/05/2018,19:27:25,Arkadii,+79818134222,В центре тоже хорошо:)
05/05/2018,19:47:08,Arkadii,+79818134222,
09/05/2018,18:15:20,Arkadii,+79818134222,Наталья,я вам там призент оставила на комоде
09/05/2018,18:15:35,Arkadii,+79818134222,В белой коробочке
09/05/2018,18:17:38,Я,+447481972607,Я уже вижу, только не знала что это мне. Супер. Как приятно. А за что?
09/05/2018,18:18:17,Arkadii,+79818134222,Потому что я вашими много пользовалась :)
09/05/2018,18:18:48,Я,+447481972607,Да их давно надо было потратить🤣🤣
09/05/2018,18:18:54,Я,+447481972607,Ну спасибо
09/05/2018,18:19:14,Arkadii,+79818134222,Пожалуйста:)
09/05/2018,18:20:25,Arkadii,+79818134222,В интернете прочитала что мол этот запах хорошо для лета
09/05/2018,18:20:46,Arkadii,+79818134222,И что это унисекс :)
09/05/2018,18:21:17,Я,+447481972607,Вот. Не простой запах, а специальный, как интересно, будем пробовать вместе
09/05/2018,18:21:31,Я,+447481972607,Ты во сколько дома будешь?
09/05/2018,18:22:12,Arkadii,+79818134222,В 10 в лучшем случае,может и позже
09/05/2018,18:22:44,Я,+447481972607,Как то надо найти время для массажа тебе
09/05/2018,18:22:58,Я,+447481972607,Осталось всего ничего
09/05/2018,18:23:20,Arkadii,+79818134222,Ага,а то я Толику завидую. Он хвастался :)
09/05/2018,18:23:37,Я,+447481972607,Да, было дело
09/05/2018,18:23:48,Я,+447481972607,Тобой тоже займемся
09/05/2018,18:24:12,Arkadii,+79818134222,Я завтра до 6. Но я точно ещё не знаю пойду домой или нет сразу
09/05/2018,18:25:07,Я,+447481972607,Ок! Клиент пришел. Нескучного вечера!
09/05/2018,18:25:28,Arkadii,+79818134222,Спасибо.у меня ланч
09/05/2018,18:25:45,Arkadii,+79818134222,Вам тоже нескучного :)
12/05/2018,09:28:35,Arkadii,+79818134222,Как ваша голова?
12/05/2018,10:01:27,Я,+447481972607,Получше, срасибо
12/05/2018,10:02:06,Я,+447481972607,Чё это ты в выходной так рано встала?
12/05/2018,10:06:34,Arkadii,+79818134222,Я всегда рано встаю почему-то
12/05/2018,10:06:43,Arkadii,+79818134222,Сегодня ещё попозже
12/05/2018,10:07:59,Я,+447481972607,Не узнать тебя.Придумывай что вкусного сготовить быстренько и отдыхай дальше. Хорошего дня!
12/05/2018,10:09:37,Arkadii,+79818134222,У меня уже есть идея.надо в магазин сходить
12/05/2018,13:28:10,Я,+447481972607,Заинтриговала
14/05/2018,16:27:31,Arkadii,+79818134222,Я пошла в магазин,может что-то купить надо?
14/05/2018,16:28:48,Я,+447481972607,Неа. Мне ничего не нада
14/05/2018,16:32:32,Я,+447481972607,А на 6 у меня массаж
14/05/2018,17:01:11,Arkadii,+79818134222,Ок
14/05/2018,17:01:31,Arkadii,+79818134222,Фото
14/05/2018,17:01:57,Arkadii,+79818134222,Эту курицу можно прям с этим протвинем ставить?
14/05/2018,17:02:12,Arkadii,+79818134222,Или переложить?
14/05/2018,17:03:11,Я,+447481972607,Наверное прям так и ставить
14/05/2018,17:03:28,Arkadii,+79818134222,Ок
15/05/2018,10:02:06,Я,+447481972607,С 7ми до 9 массажа не будет, отменили
15/05/2018,10:16:21,Arkadii,+79818134222,Ок
15/05/2018,19:27:02,Я,+447481972607,outgoing_call
18/05/2018,12:59:39,Arkadii,+79818134222,Можете пожалуйста вытащить моё белье из машинки!
18/05/2018,12:59:41,Arkadii,+79818134222,?
18/05/2018,12:59:44,Arkadii,+79818134222,:)
18/05/2018,13:00:20,Arkadii,+79818134222,И если будете стирать белое.положите моё белье тоже.оно в бумажном пакете если что.
18/05/2018,16:37:19,Я,+447481972607,Ок
18/05/2018,16:37:42,Arkadii,+79818134222,Спасибо!
19/05/2018,23:13:08,Я,+447481972607,[{"Type":""},{"Type":""},{"Action":{"name":"openurl","parameters":{"type":"regular","external":"true","url":"https:\/\/www.youtube.com\/watch?v=dxVXerqLKw4&feature=youtu.be"}},"Type":"vdo","ThumbnailHeight":225,"ThumbnailWidth":400,"ThumbnailUrl":"https:\/\/i.ytimg.com\/vi\/dxVXerqLKw4\/maxresdefault.jpg"},{"Type":""},{"Action":{"name":"openurl","parameters":{"type":"regular","external":"true","url":"https:\/\/www.youtube.com\/watch?v=dxVXerqLKw4&feature=youtu.be"}},"Type":"txt","Color":1470418,"Size":1,"Underline":"true","MaxLinesNumber":2,"Text":"FULL CEREMONY: Prince Harry and Meghan Markle Royal Wedding","TextSpans":"no_sp"},{"Action":{"name":"openurl","parameters":{"type":"regular","external":"true","url":"https:\/\/www.youtube.com\/watch?v=dxVXerqLKw4&feature=youtu.be"}},"Type":"txt","Color":8553090,"Size":1,"Text":"youtube.com","TextSpans":"no_sp"},{"Type":"info","PushText":"https:\/\/www.youtube.com\/watch?v=dxVXerqLKw4&feature=youtu.be","PreviewText":"https:\/\/www.youtube.com\/watch?v=dxVXerqLKw4&feature=youtu.be"}]
19/05/2018,23:13:59,Я,+447481972607,Там в соборе в конце церемонии концерт и виолончель солирует ТАК КРАСИВО
19/05/2018,23:26:50,Arkadii,+79818134222,На ссылку не переходит..
19/05/2018,23:27:09,Arkadii,+79818134222,Я видела отрывок у кого-то в инстаграмме
19/05/2018,23:34:00,Я,+447481972607,Жалко. Я хотела чтоб ты виолончель послушала. Найди в ютубе
19/05/2018,23:40:13,Arkadii,+79818134222,Я загуглю сейчас
22/05/2018,18:28:54,Я,+447481972607,Альо! Где пропала? Как долетела? Как нашла отель сама? Как Барселона?
22/05/2018,18:29:26,Я,+447481972607,Не заскучала еще по Лондону?
22/05/2018,18:59:51,Arkadii,+79818134222,Очень скучаю уже по Лондону и по вам!!!
22/05/2018,19:01:37,Arkadii,+79818134222,Фото
22/05/2018,19:01:37,Arkadii,+79818134222,Фото
22/05/2018,19:03:59,Arkadii,+79818134222,Долетела хорошо.хостел хороший.
22/05/2018,19:04:12,Arkadii,+79818134222,Фото
22/05/2018,19:04:22,Arkadii,+79818134222,Такую штуку кушаем:)
22/05/2018,20:58:34,Я,+447481972607,Классно. Отрывайся Там, а то скоро обратно в магазин на работу😂😂😂😂
22/05/2018,22:39:45,Arkadii,+79818134222,Деньги утекают быстро.видимо придется сразу после холидея возвращаться :)
23/05/2018,10:47:05,Я,+447481972607,Your welcome
24/05/2018,10:25:37,Я,+447481972607,Полечила зуб и стала слышать лучше и запахи чувствовать. Наконец твои духи унюхала . Супер запах!!!!
24/05/2018,11:29:39,Arkadii,+79818134222,Ха-ха:)
24/05/2018,11:29:49,Arkadii,+79818134222,Хорошо вылечили?
24/05/2018,11:30:01,Arkadii,+79818134222,Литовцы лечили?
24/05/2018,13:33:53,Я,+447481972607,Нет пошла в местную государственную клинику.Лечилм хорошо, не больно , аккуратно. Поставили временную пломбы . Посмотрим как будет .
24/05/2018,14:49:26,Arkadii,+79818134222,Сколько заплатили?
24/05/2018,17:27:19,Я,+447481972607,60 £
24/05/2018,18:16:23,Arkadii,+79818134222,Ну так прилично так-то..
24/05/2018,18:17:25,Arkadii,+79818134222,Фото
24/05/2018,18:17:30,Arkadii,+79818134222,Фото
24/05/2018,18:17:45,Arkadii,+79818134222,Фото
24/05/2018,18:49:51,Я,+447481972607,Сколько осталось?
24/05/2018,23:57:42,Arkadii,+79818134222,В субботу поздно улетаем
24/05/2018,23:58:11,Arkadii,+79818134222,Мы  сейчас уехали в другое местечко рядом с барселоной
24/05/2018,23:58:20,Arkadii,+79818134222,Пробуем кауч серфинг
24/05/2018,23:58:40,Arkadii,+79818134222,Оказывается это здорово :)
25/05/2018,06:26:05,Я,+447481972607,Ты прям такая спортивная стала. Теннис, серфинг
25/05/2018,10:28:23,Arkadii,+79818134222,Кауч серфинг это когда живешь бесплатно у людей
25/05/2018,11:11:45,Я,+447481972607,Аааааа
25/05/2018,11:11:58,Я,+447481972607,А я думала на волнах катаешься
25/05/2018,11:12:01,Я,+447481972607,😂😂😂😂😂
25/05/2018,11:39:26,Arkadii,+79818134222,Не,не :)
25/05/2018,15:56:20,Я,+447481972607,Ну а чё. В теннис уже играет , можешь и на волнах🤣
25/05/2018,15:56:34,Я,+447481972607,Фото
25/05/2018,17:17:52,Arkadii,+79818134222,Что читаете?
25/05/2018,20:09:20,Я,+447481972607,Толя экзаменую по языку программирования. Что то не могу выговорить и  Толя сфоткал
25/05/2018,20:54:33,Arkadii,+79818134222,:)
