﻿06/09/2017,20:57:58,Dima,+380639527505,Добавила
06/09/2017,21:16:40,Я,+447481972607,Супер
06/09/2017,21:16:42,Я,+447481972607,Стикер
07/09/2017,07:35:44,Я,+447481972607,[{"Type":""},{"Type":""},{"Action":{"name":"openurl","parameters":{"type":"regular","external":"true","url":"https:\/\/www.youtube.com\/watch?v=CEQuDyuQFKE"}},"Type":"vdo","ThumbnailHeight":360,"ThumbnailWidth":480,"ThumbnailUrl":"https:\/\/i.ytimg.com\/vi\/CEQuDyuQFKE\/hqdefault.jpg"},{"Type":""},{"Action":{"name":"openurl","parameters":{"type":"regular","external":"true","url":"https:\/\/www.youtube.com\/watch?v=CEQuDyuQFKE"}},"Type":"txt","Color":1470418,"Size":1,"Underline":"true","MaxLinesNumber":2,"Text":"cockatoo loves elvis","TextSpans":"no_sp"},{"Action":{"name":"openurl","parameters":{"type":"regular","external":"true","url":"https:\/\/www.youtube.com\/watch?v=CEQuDyuQFKE"}},"Type":"txt","Color":8553090,"Size":1,"Text":"youtube.com","TextSpans":"no_sp"},{"Type":"info","PushText":"https:\/\/www.youtube.com\/watch?v=CEQuDyuQFKE","PreviewText":"https:\/\/www.youtube.com\/watch?v=CEQuDyuQFKE"}]
07/09/2017,11:03:46,Dima,+380639527505,Стикер
07/09/2017,11:03:57,Dima,+380639527505,Стикер
07/09/2017,11:03:58,Dima,+380639527505,Стикер
09/09/2017,18:14:19,Dima,+380639527505,Привіт
09/09/2017,18:14:25,Dima,+380639527505,Стикер
09/09/2017,18:26:42,Dima,+380639527505,(sad)
09/09/2017,19:12:29,Я,+447481972607,Привет !
09/09/2017,19:12:32,Я,+447481972607,Стикер
09/09/2017,20:36:29,Dima,+380639527505,Як діла
09/09/2017,20:37:22,Я,+447481972607,Супер
09/09/2017,20:37:28,Я,+447481972607,А в Тебе?
13/09/2017,10:03:16,Я,+447481972607,Привет! Як справи?
14/09/2017,16:43:42,Dima,+380639527505,Стикер
14/09/2017,16:44:20,Dima,+380639527505,Фото
14/09/2017,16:44:34,Я,+447481972607,Стикер
14/09/2017,16:45:12,Dima,+380639527505,Еслі чесно
14/09/2017,16:45:20,Dima,+380639527505,Стикер
14/09/2017,16:45:46,Я,+447481972607,Супер
14/09/2017,16:46:27,Dima,+380639527505,Стикер
14/09/2017,16:46:34,Dima,+380639527505,Стикер
14/09/2017,16:47:00,Я,+447481972607,Ага
14/09/2017,16:47:32,Dima,+380639527505,(laugh)(laugh)(laugh)(laugh)(laugh)(laugh)(laugh)(laugh)(laugh)(laugh)(laugh)(laugh)(laugh)(laugh)(laugh)(laugh)(laugh)(laugh)(laugh)(laugh)(laugh)(laugh)(laugh)(laugh)(laugh)(laugh)(laugh)(laugh)(laugh)(laugh)(laugh)(laugh)(laugh)(laugh)(laugh)(laugh)(sick)(laugh)(laugh)(sick)(sick)
14/09/2017,16:48:02,Я,+447481972607,Ух ти
14/09/2017,17:01:44,Dima,+380639527505,Коли приїдиш
14/09/2017,17:39:42,Я,+447481972607,Скоро
14/09/2017,17:39:50,Я,+447481972607,3 октября
14/09/2017,17:40:20,Я,+447481972607,Через 18 дней
14/10/2017,08:44:00,Dima,+380639527505,Прівєт
14/10/2017,08:44:27,Dima,+380639527505,Як діла
14/10/2017,10:19:15,Я,+447481972607,Супер
14/10/2017,10:19:28,Я,+447481972607,А ти як?
14/10/2017,10:20:40,Dima,+380639527505,Ну таксобі
14/10/2017,10:22:55,Я,+447481972607,Чого?
14/10/2017,10:23:11,Dima,+380639527505,Бо так
14/10/2017,10:24:14,Я,+447481972607,Хто обидив?
14/10/2017,10:24:24,Dima,+380639527505,Ніхто
14/10/2017,10:27:33,Я,+447481972607,Шо робиш?
14/10/2017,10:27:46,Dima,+380639527505,Іграю
14/10/2017,10:28:28,Я,+447481972607,То чого не довольний?
14/10/2017,10:28:41,Я,+447481972607,Телефон зробили
14/10/2017,10:28:43,Dima,+380639527505,Незнаю
14/10/2017,10:29:03,Я,+447481972607,Маеш бути раденький
14/10/2017,10:29:59,Я,+447481972607,Зви Макара в гости та играйте разом ц1кав1йше
14/10/2017,10:31:17,Dima,+380639527505,Голосовое сообщение
14/10/2017,11:28:42,Я,+447481972607,Стикер
15/10/2017,15:42:17,Dima,+380639527505,Привіт
15/10/2017,16:30:40,Я,+447481972607,Hello
15/10/2017,16:31:54,Dima,+380639527505,Шо
15/10/2017,16:32:37,Dima,+380639527505,Hi
17/10/2017,13:23:47,Dima,+380639527505,Hi
17/10/2017,13:40:20,Я,+447481972607,Hi! How are you?
17/10/2017,13:45:15,Dima,+380639527505,Good , you?
17/10/2017,13:46:02,Я,+447481972607,As well
17/10/2017,13:48:30,Dima,+380639527505,I am happy
17/10/2017,13:49:13,Я,+447481972607,What do you do?
17/10/2017,13:51:12,Dima,+380639527505,I am seating on the kitchen
17/10/2017,13:52:12,Я,+447481972607,I'm as well in canteen eating my lanch
17/10/2017,13:54:24,Dima,+380639527505,Bon appetite to you
17/10/2017,19:13:13,Я,+447481972607,Thanks
17/10/2017,20:35:32,Dima,+380639527505,You are welcome
17/10/2017,22:23:07,Я,+447481972607,Thanks
18/10/2017,06:11:05,Dima,+380639527505,(smiley)
18/10/2017,08:20:17,Я,+447481972607,Стикер
22/10/2017,12:05:41,Dima,+380639527505,Hi
22/10/2017,12:05:54,Dima,+380639527505,Привіт
22/10/2017,12:34:20,Я,+447481972607,Привет! Чем занимаешься?
22/10/2017,12:34:56,Dima,+380639527505,Дивлюсь мультікі
22/10/2017,12:52:24,Я,+447481972607,Везёт тебе, а я работаю
22/10/2017,12:52:59,Dima,+380639527505,Х
22/10/2017,12:53:28,Я,+447481972607,Стикер
22/10/2017,12:54:19,Dima,+380639527505,Стикер
22/10/2017,12:54:48,Я,+447481972607,I miss you too
22/10/2017,12:55:01,Dima,+380639527505,Шо
22/10/2017,12:56:57,Dima,+380639527505,Стикер
22/10/2017,12:57:10,Я,+447481972607,Я тоже скучила за тобой
22/10/2017,12:58:33,Dima,+380639527505,Я заповнив шо було написаноина україньській
22/10/2017,12:59:11,Dima,+380639527505,Ой накасячів
25/11/2017,10:34:09,Dima,+380639527505,Фото
25/11/2017,10:56:27,Я,+447481972607,Коту холодно?
25/11/2017,10:59:33,Dima,+380639527505,Да
25/11/2017,11:02:29,Dima,+380639527505,Голосовое сообщение
25/11/2017,11:05:55,Я,+447481972607,Шо в1н Гуляев на вулиц1?
25/11/2017,11:07:17,Dima,+380639527505,Нє толік ішов з роботи і нашов
25/11/2017,19:44:33,Я,+447481972607,Сколько же у вас кот1в?
26/11/2017,08:16:38,Dima,+380639527505,Це точно
30/11/2017,22:49:28,Я,+447481972607,[{"Type":""},{"Type":""},{"Action":{"name":"openurl","parameters":{"type":"regular","external":"true","url":"https:\/\/youtu.be\/zLpPmzmkyKQ"}},"Type":"vdo","ThumbnailHeight":225,"ThumbnailWidth":400,"ThumbnailUrl":"https:\/\/i.ytimg.com\/vi\/zLpPmzmkyKQ\/hqdefault.jpg"},{"Type":""},{"Action":{"name":"openurl","parameters":{"type":"regular","external":"true","url":"https:\/\/youtu.be\/zLpPmzmkyKQ"}},"Type":"txt","Color":1470418,"Size":1,"Underline":"true","MaxLinesNumber":2,"Text":"Fifty Shades Freed(2018) - Grey Family","TextSpans":"no_sp"},{"Action":{"name":"openurl","parameters":{"type":"regular","external":"true","url":"https:\/\/youtu.be\/zLpPmzmkyKQ"}},"Type":"txt","Color":8553090,"Size":1,"Text":"youtu.be","TextSpans":"no_sp"},{"Type":"info","PushText":"https:\/\/youtu.be\/zLpPmzmkyKQ","PreviewText":"https:\/\/youtu.be\/zLpPmzmkyKQ"}]
01/12/2017,13:04:58,Dima,+380639527505,Харош
14/12/2017,17:40:30,Dima,+380639527505,Можна в макара цю кофту
14/12/2017,17:41:07,Dima,+380639527505,Фото
14/12/2017,22:38:29,Я,+447481972607,Бери Дима
15/12/2017,13:49:01,Dima,+380639527505,Дякую
27/12/2017,18:53:37,Я,+447481972607,outgoing_call
27/12/2017,20:03:01,Dima,+380639527505,incoming_call
27/12/2017,20:08:31,Dima,+380639527505,Баб Наташа може ви небачете цього соопшєнія бо мені ніхто не пише в viber
27/12/2017,20:10:05,Я,+447481972607,Я бачу
27/12/2017,20:10:29,Dima,+380639527505,(smiley)
27/12/2017,20:10:39,Я,+447481972607,Стикер
27/12/2017,20:10:51,Dima,+380639527505,А мама
27/12/2017,20:11:07,Я,+447481972607,Не бере трубку
27/12/2017,20:11:19,Dima,+380639527505,Ясно
27/12/2017,20:12:13,Dima,+380639527505,(dog) гуляє і не чує
27/12/2017,20:13:01,Dima,+380639527505,Фото
27/12/2017,20:13:34,Я,+447481972607,Гарна ялинка
27/12/2017,20:13:46,Я,+447481972607,И Дима гарний
27/12/2017,20:13:48,Dima,+380639527505,(christmas_tree)
27/12/2017,20:14:07,Dima,+380639527505,Стикер
27/12/2017,20:15:59,Dima,+380639527505,Фото
27/12/2017,20:16:43,Dima,+380639527505,Фото
27/12/2017,20:16:43,Dima,+380639527505,Фото
27/12/2017,20:16:43,Я,+447481972607,Тебе також з1 святом!
27/12/2017,20:16:44,Dima,+380639527505,Фото
27/12/2017,20:17:17,Dima,+380639527505,Стикер
27/12/2017,20:17:30,Я,+447481972607,Чого плачем?
27/12/2017,20:17:47,Dima,+380639527505,Фото
27/12/2017,20:17:47,Dima,+380639527505,Фото
27/12/2017,20:17:47,Dima,+380639527505,Фото
27/12/2017,20:18:01,Dima,+380639527505,Нема
27/12/2017,20:18:11,Dima,+380639527505,Пропав
27/12/2017,20:18:21,Dima,+380639527505,Стикер
27/12/2017,20:18:29,Я,+447481972607,Це той кот що Толя знайшов?
27/12/2017,20:19:25,Dima,+380639527505,Стикер
27/12/2017,20:19:33,Dima,+380639527505,Да
27/12/2017,20:19:51,Dima,+380639527505,Стикер
27/12/2017,20:20:06,Я,+447481972607,Жаль
27/12/2017,20:21:43,Dima,+380639527505,А воно в подєзді ходило і Тато його гудував(laugh)(laugh)
27/12/2017,20:22:07,Dima,+380639527505,:)
27/12/2017,20:23:23,Dima,+380639527505,Ну
27/12/2017,20:23:37,Dima,+380639527505,Чо замовкли
27/12/2017,20:24:01,Dima,+380639527505,О другє діло
27/12/2017,20:24:07,Я,+447481972607,Макар читаэ книгу, слухаю
27/12/2017,20:24:27,Dima,+380639527505,Подзвони
27/12/2017,20:24:38,Я,+447481972607,Кому?
27/12/2017,20:25:11,Dima,+380639527505,Мені тож послухаю
27/12/2017,20:25:52,Я,+447481972607,outgoing_call
27/12/2017,20:33:53,Я,+447481972607,Звони еще раз
27/12/2017,20:34:06,Dima,+380639527505,Ага
27/12/2017,22:22:21,Я,+447481972607,[{"Type":""},{"Type":""},{"Action":{"name":"openurl","parameters":{"type":"regular","external":"true","url":"https:\/\/youtu.be\/l36JoguTA0M"}},"Type":"vdo","ThumbnailHeight":225,"ThumbnailWidth":400,"ThumbnailUrl":"https:\/\/i.ytimg.com\/vi\/l36JoguTA0M\/hqdefault.jpg"},{"Type":""},{"Action":{"name":"openurl","parameters":{"type":"regular","external":"true","url":"https:\/\/youtu.be\/l36JoguTA0M"}},"Type":"txt","Color":1470418,"Size":1,"Underline":"true","MaxLinesNumber":2,"Text":"Маленькая принцесса (рождественская сказка, 1997)","TextSpans":"no_sp"},{"Action":{"name":"openurl","parameters":{"type":"regular","external":"true","url":"https:\/\/youtu.be\/l36JoguTA0M"}},"Type":"txt","Color":8553090,"Size":1,"Text":"youtu.be","TextSpans":"no_sp"},{"Type":"info","PushText":"https:\/\/youtu.be\/l36JoguTA0M","PreviewText":"https:\/\/youtu.be\/l36JoguTA0M"}]
28/12/2017,13:43:27,Dima,+380639527505,(like)
28/12/2017,13:46:26,Dima,+380639527505,(sad)
28/12/2017,13:46:27,Dima,+380639527505,В мене інтернета не ма
28/12/2017,13:46:46,Dima,+380639527505,Появився
28/12/2017,16:24:39,Dima,+380639527505,Давай знову подзвоним через скайп і поговорим з макаром
28/12/2017,17:03:33,Dima,+380639527505,missed_call
28/12/2017,18:08:48,Я,+447481972607,Я в л1каря
28/12/2017,18:09:07,Dima,+380639527505,Голосовое сообщение
28/12/2017,18:09:38,Я,+447481972607,Не поняла
28/12/2017,18:09:55,Dima,+380639527505,Голосовое сообщение
28/12/2017,18:44:06,Dima,+380639527505,Давай знову подзвоним через скайп і поговорим з макаром
28/12/2017,19:35:02,Я,+447481972607,Я у л1каря була
28/12/2017,20:03:10,Dima,+380639527505,А зараз де
28/12/2017,21:24:14,Я,+447481972607,Уже дома, готовлю вечерю
28/12/2017,22:08:15,Я,+447481972607,https://youtu.be/l36JoguTA0M
30/01/2018,17:08:50,Dima,+380639527505,missed_call
03/03/2018,13:54:02,Я,+447481972607,outgoing_call
11/03/2018,07:24:10,Я,+447481972607,outgoing_call
11/03/2018,07:25:40,Я,+447481972607,Дима, в1таю с Днем народження! 
Ба.жаю вырост сильним и умним
!
11/03/2018,07:26:04,Я,+447481972607,И бути веселым и счастливим
11/03/2018,07:26:15,Я,+447481972607,Стикер
11/03/2018,08:31:58,Я,+447481972607,outgoing_call
17/03/2018,19:03:14,Dima,+380639527505,І так цілий вечір
17/03/2018,19:03:59,Dima,+380639527505,Видео
17/03/2018,19:42:39,Я,+447481972607,Молодцы, дружно играете
31/03/2018,11:06:12,Я,+447481972607,Фото
31/03/2018,11:06:12,Я,+447481972607,Фото
31/03/2018,11:06:30,Я,+447481972607,Фото
31/03/2018,11:06:30,Я,+447481972607,Фото
31/03/2018,11:06:30,Я,+447481972607,Фото
31/03/2018,11:06:30,Я,+447481972607,Фото
31/03/2018,11:06:30,Я,+447481972607,Фото
31/03/2018,11:06:30,Я,+447481972607,Фото
31/03/2018,11:06:30,Я,+447481972607,Фото
31/03/2018,11:06:30,Я,+447481972607,Фото
31/03/2018,11:06:30,Я,+447481972607,Фото
31/03/2018,11:06:30,Я,+447481972607,Фото
31/03/2018,11:06:38,Я,+447481972607,Фото
31/03/2018,11:07:47,Dima,+380639527505,В мене не показує
31/03/2018,11:10:04,Я,+447481972607,Посмотри у мамы в телефоне
31/03/2018,11:11:52,Dima,+380639527505,Вона з тео гуляє
31/03/2018,11:18:11,Я,+447481972607,Ну когда придет посмотришь
31/03/2018,11:18:25,Я,+447481972607,Много кактусов очень красивых
31/03/2018,11:18:26,Dima,+380639527505,Ага
31/03/2018,11:18:34,Dima,+380639527505,Да
07/04/2018,19:16:53,Dima,+380639527505,Де война повним ходом
16/04/2018,17:36:14,Dima,+380639527505,incoming_call
16/04/2018,17:37:25,Я,+447481972607,Ты наверное с собакой гуляешь, связь ужасная
16/04/2018,17:37:32,Dima,+380639527505,incoming_call
16/04/2018,17:37:52,Я,+447481972607,Я не чую
16/04/2018,17:38:13,Dima,+380639527505,Да гуляю
16/04/2018,17:38:24,Dima,+380639527505,То буду дома то наберу
16/04/2018,17:38:31,Я,+447481972607,Да
16/04/2018,17:38:43,Dima,+380639527505,Якшо ти занята не будеш
16/04/2018,17:38:53,Я,+447481972607,На 7 массаж
16/04/2018,17:39:03,Я,+447481972607,У вас буде 9
16/04/2018,17:39:06,Dima,+380639527505,Це 9
16/04/2018,17:39:26,Dima,+380639527505,Норм я десь в 8 наберу
16/04/2018,22:53:36,Я,+447481972607,Не получилось, созвонимся завтра
17/04/2018,18:48:46,Я,+447481972607,outgoing_call
18/04/2018,11:00:15,Dima,+380639527505,Записать в школу в наступний вівторок получиться бо в них прийомний один день
18/04/2018,13:01:25,Я,+447481972607,Добре
21/04/2018,17:32:32,Dima,+380639527505,missed_call
21/04/2018,17:48:02,Я,+447481972607,outgoing_call
21/04/2018,17:48:19,Dima,+380639527505,incoming_call
21/04/2018,17:49:33,Dima,+380639527505,Ладно
21/04/2018,17:49:38,Я,+447481972607,Только сержусь
21/04/2018,17:49:39,Dima,+380639527505,Буду дома
21/04/2018,17:49:48,Dima,+380639527505,То перервою.
21/04/2018,17:49:57,Я,+447481972607,Я перезвоню через час
21/04/2018,17:50:03,Dima,+380639527505,Ок
21/04/2018,17:50:05,Я,+447481972607,После массажа
21/04/2018,19:17:32,Dima,+380639527505,missed_call
21/04/2018,19:30:46,Я,+447481972607,outgoing_call
21/04/2018,19:30:56,Dima,+380639527505,incoming_call
25/04/2018,19:56:17,Я,+447481972607,outgoing_call
25/04/2018,20:24:23,Dima,+380639527505,missed_call
25/04/2018,20:51:26,Я,+447481972607,outgoing_call
28/04/2018,19:32:28,Я,+447481972607,outgoing_call
29/04/2018,12:53:55,Dima,+380639527505,missed_call
29/04/2018,13:50:51,Я,+447481972607,outgoing_call
02/05/2018,20:21:36,Dima,+380639527505,Привіт(clap)
02/05/2018,21:08:42,Я,+447481972607,Привет!
05/05/2018,10:15:22,Я,+447481972607,outgoing_call
05/05/2018,10:18:16,Я,+447481972607,Ваша посылка не пришла
05/05/2018,10:19:07,Я,+447481972607,И я не знаю слать тебе деньги на ремонт и обшивку дивана или тебе некогда сейчас
05/05/2018,10:19:20,Я,+447481972607,Я на массаже целый вечер
05/05/2018,10:19:49,Я,+447481972607,Только в 3-30 до 4-30 могу говорить
05/05/2018,10:34:15,Dima,+380639527505,missed_call
05/05/2018,10:46:21,Я,+447481972607,На следующем брейке позвоню
05/05/2018,10:46:38,Я,+447481972607,Где то или 12  или в час
05/05/2018,10:47:09,Dima,+380639527505,Ок
05/05/2018,13:44:10,Я,+447481972607,outgoing_call
05/05/2018,13:44:27,Я,+447481972607,Ну блин
05/05/2018,13:57:24,Я,+447481972607,outgoing_call
05/05/2018,14:08:05,Dima,+380639527505,2 рулона обоїв десь по 600 гривень + клей = 1500 і плінтусовий не знаю скількі
05/05/2018,14:09:24,Dima,+380639527505,300 плінтус
05/05/2018,15:01:56,Я,+447481972607,100ф хватит с обшивкой?
05/05/2018,15:08:39,Я,+447481972607,outgoing_call
05/05/2018,17:34:50,Dima,+380639527505,На обшивку не зватить
05/05/2018,17:35:41,Dima,+380639527505,Не знаю скільки  обшивка точно думаю в районі 5 тисяяч
05/05/2018,18:02:48,Я,+447481972607,Мне вся эта мебель обошлась в 5 000
05/05/2018,18:03:08,Dima,+380639527505,,, перетяжка не меньше 6000 из самых дешевых материалов за 9000 будет хорошо
05/05/2018,18:03:34,Я,+447481972607,Может новую мебель купить сразу?
05/05/2018,18:03:52,Dima,+380639527505,incoming_call
08/05/2018,14:19:25,Я,+447481972607,Фото
08/05/2018,14:19:25,Я,+447481972607,Фото
08/05/2018,14:19:25,Я,+447481972607,Фото
08/05/2018,14:19:25,Я,+447481972607,Фото
08/05/2018,14:19:25,Я,+447481972607,Фото
08/05/2018,14:19:25,Я,+447481972607,Фото
08/05/2018,14:19:25,Я,+447481972607,Фото
08/05/2018,14:19:25,Я,+447481972607,Фото
08/05/2018,14:19:25,Я,+447481972607,Фото
08/05/2018,14:19:25,Я,+447481972607,Фото
08/05/2018,14:19:52,Я,+447481972607,Фото
08/05/2018,14:19:52,Я,+447481972607,Фото
08/05/2018,14:19:52,Я,+447481972607,Фото
08/05/2018,14:20:05,Я,+447481972607,Что вы там?
08/05/2018,14:19:52,Я,+447481972607,Фото
08/05/2018,14:19:52,Я,+447481972607,Фото
08/05/2018,14:19:52,Я,+447481972607,Фото
08/05/2018,14:19:53,Я,+447481972607,Фото
08/05/2018,14:19:53,Я,+447481972607,Фото
08/05/2018,14:19:53,Я,+447481972607,Фото
15/05/2018,08:28:33,Dima,+380639527505,Прив ІТ паспорт подам 19 червня і буде через три тидні
15/05/2018,08:29:55,Dima,+380639527505,Приблизно 10 липня
15/05/2018,09:15:35,Я,+447481972607,Ok
15/05/2018,14:17:59,Я,+447481972607,Я чего только в июне подашь?
15/05/2018,14:22:46,Dima,+380639527505,Бо така черга
15/05/2018,14:28:38,Я,+447481972607,Раньше начинать надо было
15/05/2018,14:29:04,Я,+447481972607,И напиши письмо в Ригу, плиииз. Это 5 минут работы
15/05/2018,14:29:17,Dima,+380639527505,Ок
17/05/2018,19:05:07,Dima,+380639527505,Як у вас подготовка до королевского весілля бо у на зранку до вечора по телеку показывают
17/05/2018,19:46:44,Я,+447481972607,outgoing_call
17/05/2018,20:10:50,Dima,+380639527505,incoming_call
18/05/2018,15:25:35,Dima,+380639527505,missed_call
18/05/2018,16:38:25,Я,+447481972607,outgoing_call
19/05/2018,23:11:30,Я,+447481972607,[{"Type":""},{"Type":""},{"Action":{"name":"openurl","parameters":{"type":"regular","external":"true","url":"https:\/\/www.youtube.com\/watch?v=dxVXerqLKw4&feature=youtu.be"}},"Type":"vdo","ThumbnailHeight":225,"ThumbnailWidth":400,"ThumbnailUrl":"https:\/\/i.ytimg.com\/vi\/dxVXerqLKw4\/maxresdefault.jpg"},{"Type":""},{"Action":{"name":"openurl","parameters":{"type":"regular","external":"true","url":"https:\/\/www.youtube.com\/watch?v=dxVXerqLKw4&feature=youtu.be"}},"Type":"txt","Color":1470418,"Size":1,"Underline":"true","MaxLinesNumber":2,"Text":"FULL CEREMONY: Prince Harry and Meghan Markle Royal Wedding","TextSpans":"no_sp"},{"Action":{"name":"openurl","parameters":{"type":"regular","external":"true","url":"https:\/\/www.youtube.com\/watch?v=dxVXerqLKw4&feature=youtu.be"}},"Type":"txt","Color":8553090,"Size":1,"Text":"youtube.com","TextSpans":"no_sp"},{"Type":"info","PushText":"https:\/\/youtu.be\/dxVXerqLKw4","PreviewText":"https:\/\/www.youtube.com\/watch?v=dxVXerqLKw4&feature=youtu.be"}]
19/05/2018,23:12:16,Я,+447481972607,Посмотри, так хотела. Не поймешь то хоть шляпками полюбуешься
20/05/2018,10:58:05,Dima,+380639527505,Да я тиждень чекала і в суботу забула то в повторі дивилась
20/05/2018,12:17:46,Dima,+380639527505,missed_call
20/05/2018,12:39:47,Я,+447481972607,Работаю
20/05/2018,18:05:00,Я,+447481972607,Что там?
21/05/2018,15:02:48,Dima,+380639527505,Да я вже не помню
22/05/2018,07:01:09,Dima,+380639527505,[{"Action":{"name":"openurl","parameters":{"type":"regular","external":"true","url":"https:\/\/g.co\/kgs\/YMcxzX"}},"Type":"txt","Color":3289650,"Size":2,"HighlightLinks":"true","ConsiderMentions":"true","HighlightEmoticons":"true","Text":"Кінетичний пісок https:\/\/g.co\/kgs\/YMcxzX","TextSpans":"rO0ABXcpAAAAAQAXaHR0cHM6Ly9nLmNvL2tncy9ZTWN4elgAAAARAAAAKAAAACE"},{"Action":{"name":"openurl","parameters":{"type":"regular","external":"true","url":"https:\/\/g.co\/kgs\/YMcxzX"}},"Type":"img","DisplayHeight":400,"DisplayWidth":400,"ImageUrl":"https:\/\/www.google.com\/images\/branding\/googlelogo\/2x\/googlelogo_color_120x44dp.png"},{"Type":""},{"Type":""},{"Action":{"name":"openurl","parameters":{"type":"regular","external":"true","url":"https:\/\/g.co\/kgs\/YMcxzX"}},"Type":"txt","Color":1470418,"Size":1,"Underline":"true","MaxLinesNumber":2,"Text":"Кінетичний пісок - Пошук Google","TextSpans":"no_sp"},{"Action":{"name":"openurl","parameters":{"type":"regular","external":"true","url":"https:\/\/g.co\/kgs\/YMcxzX"}},"Type":"txt","Color":8553090,"Size":1,"Text":"g.co","TextSpans":"no_sp"},{"Type":"info","PushText":"Кінетичний пісок https:\/\/g.co\/kgs\/YMcxzX","PreviewText":"https:\/\/g.co\/kgs\/YMcxzX"}]
22/05/2018,07:01:12,Dima,+380639527505,Це ґінетічєзкій пісок
22/05/2018,17:35:40,Я,+447481972607,Фото
22/05/2018,17:35:41,Я,+447481972607,Фото
22/05/2018,18:53:08,Я,+447481972607,Фото
22/05/2018,20:54:48,Я,+447481972607,Ты думала я выдумала?
22/05/2018,21:05:36,Я,+447481972607,Фото
23/05/2018,06:02:52,Dima,+380639527505,Круто!
23/05/2018,10:32:07,Dima,+380639527505,incoming_call
23/05/2018,10:45:32,Я,+447481972607,Я лечу зуб. Выхода нет. Не перестает болеть
23/05/2018,14:52:09,Я,+447481972607,outgoing_call
23/05/2018,18:02:31,Dima,+380639527505,missed_call
23/05/2018,18:08:42,Я,+447481972607,outgoing_call
23/05/2018,18:10:32,Dima,+380639527505,Ладно
23/05/2018,18:10:42,Dima,+380639527505,Вічного не чую
23/05/2018,18:10:52,Dima,+380639527505,Буду дома позвоню
23/05/2018,18:12:57,Я,+447481972607,Давай
23/05/2018,20:15:59,Dima,+380639527505,incoming_call
24/05/2018,18:50:27,Я,+447481972607,outgoing_call
24/05/2018,19:23:54,Dima,+380639527505,missed_call
24/05/2018,19:47:10,Я,+447481972607,outgoing_call
