﻿24/06/2017,19:07:36,Я,+447481972607,Деньги вложил?
17/03/2017,22:46:24,Я,+447481972607,Fhjgg
24/03/2017,21:30:40,Я,+447481972607,Я закончу массаж в 9-30
24/03/2017,21:49:33,Gerasim,+447474182901,Ok
25/03/2017,17:19:50,Gerasim,+447474182901,Что там с массажами сегодня?
25/03/2017,17:32:21,Я,+447481972607,Пока нету
25/03/2017,17:43:22,Gerasim,+447474182901,Пишите если что. А то меня могут в 6 отпустить сегодня
25/03/2017,18:37:25,Я,+447481972607,Ок
28/03/2017,23:22:24,Gerasim,+447474182901,[{"Type":""},{"Action":{"name":"openurl","parameters":{"type":"regular","external":"true","url":"https:\/\/play.google.com\/store\/apps\/details?id=com.shazam.android"}},"Type":"img","DisplayHeight":400,"DisplayWidth":400,"ImageUrl":"https:\/\/www.gstatic.com\/android\/market_images\/web\/play_prism_hlock_2x.png"},{"Type":""},{"Type":""},{"Action":{"name":"openurl","parameters":{"type":"regular","external":"true","url":"https:\/\/play.google.com\/store\/apps\/details?id=com.shazam.android"}},"Type":"txt","Color":1470418,"Size":1,"Underline":"true","MaxLinesNumber":2,"Text":"Shazam - Discover Music – Android Apps on Google Play","TextSpans":"no_sp"},{"Action":{"name":"openurl","parameters":{"type":"regular","external":"true","url":"https:\/\/play.google.com\/store\/apps\/details?id=com.shazam.android"}},"Type":"txt","Color":8553090,"Size":1,"Text":"play.google.com","TextSpans":"no_sp"},{"Type":"info","PushText":"https:\/\/play.google.com\/store\/apps\/details?id=com.shazam.android","PreviewText":"https:\/\/play.google.com\/store\/apps\/details?id=com.shazam.android"}]
31/03/2017,20:50:39,Я,+447481972607,Я могу сделать массаж с 9 до 10?
31/03/2017,20:59:12,Я,+447481972607,В общем я согласилась а то массажный и так не было неделю . Закончу в 10
31/03/2017,21:32:29,Gerasim,+447474182901,Ок. Потом мне вправите. Я еле живой уже
09/04/2017,12:43:36,Я,+447481972607,Если до часу не приедут вынесет сумку в коридор и передай деньги Рамуне Плиииз
09/04/2017,12:49:56,Gerasim,+447474182901,Хорошо
09/04/2017,12:57:27,Я,+447481972607,Спасибо
09/04/2017,14:41:44,Gerasim,+447474182901,Отправил
09/04/2017,16:58:29,Я,+447481972607,Супер!
13/04/2017,10:53:29,Я,+447481972607,Не сегодня массаж а в пятницу
13/04/2017,13:26:05,Gerasim,+447474182901,Ok
15/04/2017,12:58:26,Gerasim,+447474182901,Массажи сегодня есть?
15/04/2017,16:46:48,Gerasim,+447474182901,missed_call
19/04/2017,16:07:35,Я,+447481972607,На 6-30 массаж плииз как назло
19/04/2017,16:10:31,Gerasim,+447474182901,Не на зло. А на прибль
19/04/2017,16:32:31,Я,+447481972607,Да но вечно они прибывают когда ты дома в когда комната свободна их нет
19/04/2017,16:33:05,Gerasim,+447474182901,Нормально
19/04/2017,16:35:30,Я,+447481972607,Ну ОК тогда
21/04/2017,10:30:00,Я,+447481972607,У твоего венгерского друга Томаса есть девушка?
21/04/2017,10:30:13,Gerasim,+447474182901,Нет
21/04/2017,10:46:46,Я,+447481972607,У меня тут есть звездочка очень красивая свободная познакомим?
21/04/2017,11:02:52,Я,+447481972607,Спроси у него
21/04/2017,11:09:47,Gerasim,+447474182901,Хаха
21/04/2017,11:09:49,Gerasim,+447474182901,Нет уж
21/04/2017,11:11:37,Я,+447481972607,Чего?
21/04/2017,11:12:34,Я,+447481972607,Она много времени на работе и Венгрии мало вот и не может найти себе ...давай...сделай доброе дело просто спроси
21/04/2017,12:08:17,Gerasim,+447474182901,Я сватовством не занимаюсь. И я бы не считал его таким парнем, кторого я бы мог порекомендовать вообще кому то
21/04/2017,12:13:13,Я,+447481972607,По какой причине?
21/04/2017,12:22:53,Gerasim,+447474182901,Да он же кокаинщик(laugh)
21/04/2017,12:25:10,Gerasim,+447474182901,И не надо быть рассистом. Если она Вегерка. Это не значит что ей нужен Венгр
21/04/2017,12:25:38,Я,+447481972607,Так она хочет венгра
21/04/2017,12:25:50,Я,+447481972607,Но кокаинщик не подходит
21/04/2017,12:26:09,Я,+447481972607,Что правда кокаинщик? Жаль если так
21/04/2017,12:30:58,Я,+447481972607,А нормальный венгр у тебя есть в знакомых?
21/04/2017,20:36:48,Gerasim,+447474182901,решили ехать в Ирландию и Шотландию на четыре дня с 29 го мая. С нами?
21/04/2017,20:39:32,Я,+447481972607,Хотелось бы но подумаю не за много ли 29 апреля и 29 мая и потом в июле
21/04/2017,20:49:38,Gerasim,+447474182901,Отдыха много не бываат
21/04/2017,21:01:26,Я,+447481972607,Согласна особенно тому кто много работает я сегодня закончу в  9-20
30/04/2017,22:38:33,Я,+447481972607,Сорри не было интернета. Полет отличный, жилье супер, компания     нормальная, все хорошо
30/04/2017,22:52:32,Я,+447481972607,Фото
30/04/2017,22:52:37,Я,+447481972607,Фото
30/04/2017,22:52:49,Я,+447481972607,Фото
30/04/2017,22:52:52,Я,+447481972607,Фото
30/04/2017,22:52:59,Я,+447481972607,Фото
30/04/2017,22:53:07,Я,+447481972607,Фото
30/04/2017,22:53:11,Я,+447481972607,Фото
30/04/2017,22:53:21,Я,+447481972607,Фото
30/04/2017,22:53:27,Я,+447481972607,Фото
30/04/2017,22:54:09,Gerasim,+447474182901,Круто
30/04/2017,22:54:33,Gerasim,+447474182901,Тоже хочу(happy)
30/04/2017,22:56:51,Я,+447481972607,Приглашаю еще 2 дня осталось погоды правда нет то дождь то ветер
30/04/2017,22:57:55,Gerasim,+447474182901,Нееее без погоды не хочк
30/04/2017,22:59:46,Я,+447481972607,Да мне чё то с Испанией не фатит  за исключением Майорки
30/04/2017,22:59:57,Я,+447481972607,Посылку отправил?
30/04/2017,23:19:35,Gerasim,+447474182901,Отправил
30/04/2017,23:19:38,Gerasim,+447474182901,20
30/04/2017,23:22:02,Gerasim,+447474182901,У меня телефон то сломан
30/04/2017,23:22:10,Gerasim,+447474182901,Смс туда приходили
30/04/2017,23:26:29,Я,+447481972607,Ааааа
30/04/2017,23:26:39,Я,+447481972607,У соседки узнал?
30/04/2017,23:27:16,Я,+447481972607,Я знала что надежен как скала и не беспокоилась
30/04/2017,23:27:30,Gerasim,+447474182901,Нет. Откопал старое сообщение от вас
30/04/2017,23:27:35,Gerasim,+447474182901,Уже спрашивал
01/05/2017,23:32:03,Я,+447481972607,Фото
01/05/2017,23:32:06,Я,+447481972607,Фото
02/05/2017,09:39:54,Gerasim,+447474182901,Ну и как, был фен?))
02/05/2017,10:13:52,Я,+447481972607,И фен и полотенца были и спортивное зря брала🤣
06/05/2017,14:30:57,Я,+447481972607,Ты меня дождаться с работы?
06/05/2017,14:31:22,Я,+447481972607,Дождешься
06/05/2017,14:37:40,Gerasim,+447474182901,Нет. Я с 2ух
06/05/2017,14:38:21,Я,+447481972607,Ок
06/05/2017,15:34:29,Gerasim,+447474182901,Попробуйте сами на почте или в банке
06/05/2017,15:34:49,Gerasim,+447474182901,Только сначала спрашивайте сколько будет стоить
06/05/2017,15:36:25,Gerasim,+447474182901,И там можно в евро отправлять.  Они сами переведут.
06/05/2017,15:36:43,Gerasim,+447474182901,Вам нужно только сказать сколько именно в евро
06/05/2017,16:38:16,Я,+447481972607,Попробую
06/05/2017,17:31:25,Я,+447481972607,Не получилось
06/05/2017,17:32:39,Gerasim,+447474182901,А где пробовали?
06/05/2017,17:33:02,Я,+447481972607,На почте
06/05/2017,17:33:15,Я,+447481972607,А банки уже закрыты
06/05/2017,17:33:23,Gerasim,+447474182901,Там нет переводов?
06/05/2017,17:33:29,Gerasim,+447474182901,Тогда завтра уже
06/05/2017,17:33:41,Gerasim,+447474182901,Только скрин мне отправьте
06/05/2017,17:34:32,Я,+447481972607,Так отправила на мессенжер
06/05/2017,17:49:04,Gerasim,+447474182901,У меня нет его
06/05/2017,18:03:40,Gerasim,+447474182901,В вайбер
06/05/2017,18:04:55,Я,+447481972607,Фото
07/05/2017,14:54:08,Gerasim,+447474182901,Оправил вестерн юнион
07/05/2017,14:54:23,Gerasim,+447474182901,Через 12часов будет там
07/05/2017,15:49:06,Я,+447481972607,Супер! Спасибо!
07/05/2017,17:24:33,Я,+447481972607,Ей надо копия квитанции и код оплаты . Это есть у тебя?
07/05/2017,17:24:56,Я,+447481972607,Не выкинь квитанцию
07/05/2017,17:25:28,Gerasim,+447474182901,Фото
07/05/2017,17:25:50,Gerasim,+447474182901,Фото
12/05/2017,19:12:34,Я,+447481972607,Фото
12/05/2017,19:12:51,Я,+447481972607,Фото
12/05/2017,19:13:01,Я,+447481972607,Фото
12/05/2017,19:13:14,Я,+447481972607,Фото
12/05/2017,19:15:19,Gerasim,+447474182901,Как раз спросить хотел. Спагетти вы варили?
12/05/2017,19:16:36,Я,+447481972607,Еще ничего не ела как из дому вышла. А плов ничего получился? Чуть не прозвали курицу еще день и ей хана была б
12/05/2017,19:16:53,Я,+447481972607,Фото
12/05/2017,19:17:08,Gerasim,+447474182901,Дак что на счет спагетти то?
12/05/2017,19:17:46,Я,+447481972607,Да не ела говорю кофе пью сижу . В что стоит попробовать?
12/05/2017,19:17:56,Я,+447481972607,Фото
12/05/2017,19:17:56,Я,+447481972607,Фото
12/05/2017,19:18:20,Я,+447481972607,Фото
12/05/2017,19:19:07,Gerasim,+447474182901,То что вы не ели я понял
12/05/2017,19:19:25,Gerasim,+447474182901,А то что вы варили или нет
12/05/2017,19:19:35,Я,+447481972607,Нет
12/05/2017,19:20:01,Gerasim,+447474182901,Вся курица в плов влезла?
12/05/2017,19:20:24,Я,+447481972607,Нет немного заморозила
12/05/2017,19:20:25,Gerasim,+447474182901,Красиво очень
12/05/2017,19:20:55,Я,+447481972607,Фото
13/05/2017,09:47:59,Я,+447481972607,Фото
13/05/2017,09:48:07,Я,+447481972607,Фото
13/05/2017,09:48:15,Я,+447481972607,Фото
13/05/2017,09:48:52,Я,+447481972607,Отель - бывшая резиденция Максима Горького.
13/05/2017,09:49:35,Я,+447481972607,Жил себе в центре Пизы и воспевал красоту советского образа жизни
13/05/2017,09:49:51,Я,+447481972607,Разобрался с продуктами?
13/05/2017,09:50:21,Gerasim,+447474182901,А что разбираться
13/05/2017,09:50:31,Gerasim,+447474182901,Плов убрал в холодилтник
13/05/2017,09:50:34,Я,+447481972607,Чью вермишель чуть не съел? Ты ж должен был видеть не мой стиль
13/05/2017,09:50:50,Gerasim,+447474182901,Мало ли
13/05/2017,09:50:56,Я,+447481972607,Плов тебе как раз на 4 дня
13/05/2017,10:07:53,Gerasim,+447474182901,Ага спасибо
13/05/2017,15:03:12,Gerasim,+447474182901,Фото
13/05/2017,20:19:45,Я,+447481972607,Ну ты даёшь
13/05/2017,20:26:56,Gerasim,+447474182901,Тестить будем
13/05/2017,20:27:34,Я,+447481972607,Обтестимся
13/05/2017,20:27:45,Я,+447481972607,Фото
13/05/2017,20:27:48,Я,+447481972607,Фото
14/05/2017,23:09:56,Gerasim,+447474182901,Когда домой?
14/05/2017,23:10:03,Gerasim,+447474182901,Написал Марио
14/05/2017,23:10:07,Gerasim,+447474182901,Не ответил
14/05/2017,23:10:25,Gerasim,+447474182901,Может номер не тот. Или очканул
14/05/2017,23:10:47,Я,+447481972607,В понедельник приеду вечером
14/05/2017,23:11:21,Я,+447481972607,Но ер я брала в попыхах мы ж работали все на бегу может ошиблась
14/05/2017,23:11:47,Gerasim,+447474182901,Фото
14/05/2017,23:12:29,Я,+447481972607,Там очень недовольны на работе моим невыходом могут быть проблемы придется вынужденно искать что то лучше)))
14/05/2017,23:12:59,Gerasim,+447474182901,Не будет у вас там проблем
14/05/2017,23:13:09,Gerasim,+447474182901,Поворчат чуток и все
14/05/2017,23:13:20,Я,+447481972607,4
14/05/2017,23:13:24,Gerasim,+447474182901,Толик вон просто говорил что заболел
14/05/2017,23:15:54,Я,+447481972607,Фото
14/05/2017,23:15:54,Я,+447481972607,Фото
14/05/2017,23:15:54,Я,+447481972607,Фото
14/05/2017,23:15:54,Я,+447481972607,Фото
14/05/2017,23:15:54,Я,+447481972607,Фото
14/05/2017,23:15:54,Я,+447481972607,Фото
14/05/2017,23:15:54,Я,+447481972607,Фото
14/05/2017,23:15:54,Я,+447481972607,Фото
14/05/2017,23:15:54,Я,+447481972607,Фото
14/05/2017,23:15:54,Я,+447481972607,Фото
14/05/2017,23:16:25,Я,+447481972607,Фото
14/05/2017,23:16:25,Я,+447481972607,Фото
14/05/2017,23:16:25,Я,+447481972607,Фото
14/05/2017,23:16:25,Я,+447481972607,Фото
14/05/2017,23:16:25,Я,+447481972607,Фото
14/05/2017,23:16:25,Я,+447481972607,Фото
14/05/2017,23:16:28,Я,+447481972607,Фото
14/05/2017,23:16:28,Я,+447481972607,Фото
14/05/2017,23:16:39,Я,+447481972607,Фото
14/05/2017,23:16:44,Я,+447481972607,Фото
14/05/2017,23:16:50,Я,+447481972607,Фото
17/05/2017,21:43:32,Я,+447481972607,outgoing_call
18/05/2017,15:27:39,Gerasim,+447474182901,Я купил свеклу
18/05/2017,15:27:57,Gerasim,+447474182901,Капусту и морковь
18/05/2017,15:28:01,Gerasim,+447474182901,И помидоры
18/05/2017,16:37:04,Я,+447481972607,Стикер
18/05/2017,16:37:23,Gerasim,+447474182901,Толтко сметану не брал
18/05/2017,22:29:11,Я,+447481972607,Можешь купить где то растит масло?
18/05/2017,22:29:46,Я,+447481972607,Уже начала борщ варить а масла нету и ни у кого нет из соседей
18/05/2017,22:30:53,Gerasim,+447474182901,Я то могу. Но поздно наверное будет
18/05/2017,23:46:03,Я,+447481972607,Да уже не надо
20/05/2017,18:14:05,Я,+447481972607,С 5 до 6
20/05/2017,18:15:30,Gerasim,+447474182901,Ок
20/05/2017,18:15:51,Gerasim,+447474182901,Дак уже 5
21/05/2017,10:11:49,Я,+447481972607,Во сколько выходишь?
21/05/2017,10:12:03,Gerasim,+447474182901,В 13.30
21/05/2017,10:14:01,Я,+447481972607,Супер
22/05/2017,16:40:37,Я,+447481972607,В 5 массаж
23/05/2017,10:04:13,Я,+447481972607,В 6
23/05/2017,10:04:38,Gerasim,+447474182901,Ок
24/05/2017,15:58:28,Я,+447481972607,Просят массаж 2 часа как смотришь?
24/05/2017,16:20:49,Я,+447481972607,На 6
28/05/2017,15:55:07,Я,+447481972607,Отправили?
28/05/2017,15:59:38,Gerasim,+447474182901,Отправил
28/05/2017,16:30:11,Я,+447481972607,Стикер
29/05/2017,12:43:05,Я,+447481972607,outgoing_call
29/05/2017,12:43:51,Gerasim,+447474182901,Мы в метро
29/05/2017,12:44:12,Я,+447481972607,Я возле центрального табло возле киоска с кофе Nero
29/05/2017,12:44:32,Я,+447481972607,Сколько вам еще добираться?
29/05/2017,12:44:49,Gerasim,+447474182901,Долго
29/05/2017,12:45:30,Я,+447481972607,Мы успеем?
29/05/2017,12:45:44,Gerasim,+447474182901,Должны так то
29/05/2017,12:49:01,Я,+447481972607,Вам удобно меня тут забрать или мне сразу к платформе идти чтобы время не терять
29/05/2017,13:13:27,Gerasim,+447474182901,incoming_call
29/05/2017,13:18:24,Я,+447481972607,outgoing_call
30/05/2017,14:47:58,Gerasim,+447474182901,incoming_call
30/05/2017,15:32:54,Я,+447481972607,outgoing_call
30/05/2017,18:16:48,Я,+447481972607,Фото
30/05/2017,18:16:50,Я,+447481972607,Фото
30/05/2017,18:16:53,Я,+447481972607,Фото
30/05/2017,18:19:05,Я,+447481972607,Фото
30/05/2017,18:21:22,Я,+447481972607,Фото
30/05/2017,18:25:01,Я,+447481972607,Фото
30/05/2017,18:26:35,Я,+447481972607,Фото
30/05/2017,18:26:38,Я,+447481972607,Фото
30/05/2017,18:26:39,Я,+447481972607,Фото
30/05/2017,18:26:40,Я,+447481972607,Фото
30/05/2017,18:26:41,Я,+447481972607,Фото
30/05/2017,18:26:42,Я,+447481972607,Фото
30/05/2017,18:26:50,Я,+447481972607,Фото
30/05/2017,18:26:53,Я,+447481972607,Фото
30/05/2017,18:26:57,Я,+447481972607,Фото
30/05/2017,18:27:01,Я,+447481972607,Фото
30/05/2017,18:27:08,Я,+447481972607,Фото
30/05/2017,18:27:18,Я,+447481972607,Фото
30/05/2017,18:27:19,Я,+447481972607,Фото
30/05/2017,18:27:22,Я,+447481972607,Фото
30/05/2017,18:27:23,Я,+447481972607,Фото
31/05/2017,15:53:59,Я,+447481972607,Фото
31/05/2017,15:53:59,Я,+447481972607,Фото
31/05/2017,15:53:59,Я,+447481972607,Фото
31/05/2017,15:54:07,Я,+447481972607,Фото
31/05/2017,15:54:07,Я,+447481972607,Фото
31/05/2017,15:54:07,Я,+447481972607,Фото
31/05/2017,15:54:07,Я,+447481972607,Фото
31/05/2017,15:54:12,Я,+447481972607,Фото
31/05/2017,15:54:12,Я,+447481972607,Фото
31/05/2017,15:54:15,Я,+447481972607,Фото
31/05/2017,15:54:15,Я,+447481972607,Фото
31/05/2017,15:54:17,Я,+447481972607,Фото
31/05/2017,15:54:17,Я,+447481972607,Фото
31/05/2017,15:54:21,Я,+447481972607,Фото
31/05/2017,15:54:21,Я,+447481972607,Фото
31/05/2017,15:54:35,Я,+447481972607,Фото
31/05/2017,15:54:35,Я,+447481972607,Фото
31/05/2017,15:54:35,Я,+447481972607,Фото
31/05/2017,15:54:49,Я,+447481972607,Фото
31/05/2017,15:54:49,Я,+447481972607,Фото
31/05/2017,15:54:49,Я,+447481972607,Фото
31/05/2017,16:03:58,Gerasim,+447474182901,incoming_call
31/05/2017,16:09:59,Я,+447481972607,Фото
31/05/2017,16:09:59,Я,+447481972607,Фото
31/05/2017,16:09:59,Я,+447481972607,Фото
31/05/2017,16:16:08,Gerasim,+447474182901,В замок зайдите
31/05/2017,16:17:07,Gerasim,+447474182901,incoming_call
31/05/2017,16:17:34,Gerasim,+447474182901,Нет. Не надо
31/05/2017,16:55:56,Я,+447481972607,outgoing_call
31/05/2017,17:06:46,Gerasim,+447474182901,missed_call
31/05/2017,18:40:06,Я,+447481972607,Фото
31/05/2017,18:40:06,Я,+447481972607,Фото
31/05/2017,18:40:06,Я,+447481972607,Фото
31/05/2017,19:10:12,Я,+447481972607,Фото
31/05/2017,19:10:19,Я,+447481972607,Фото
31/05/2017,19:31:39,Я,+447481972607,Фото
31/05/2017,19:31:39,Я,+447481972607,Фото
31/05/2017,19:31:39,Я,+447481972607,Фото
31/05/2017,21:53:38,Я,+447481972607,Фото
31/05/2017,21:53:38,Я,+447481972607,Фото
31/05/2017,21:53:38,Я,+447481972607,Фото
31/05/2017,21:53:38,Я,+447481972607,Фото
01/06/2017,13:11:38,Я,+447481972607,Фото
01/06/2017,14:01:19,Я,+447481972607,outgoing_call
01/06/2017,15:29:41,Я,+447481972607,Вы где?
03/06/2017,14:03:21,Я,+447481972607,Вы где?
03/06/2017,14:03:48,Я,+447481972607,Я могу взять массаж  на 2-30? Я буду раньше с работы
03/06/2017,14:12:39,Я,+447481972607,outgoing_call
03/06/2017,14:14:13,Я,+447481972607,Ну в общем я соглашаюсь
03/06/2017,14:15:17,Я,+447481972607,outgoing_call
03/06/2017,14:16:45,Gerasim,+447474182901,incoming_call
06/06/2017,16:23:21,Gerasim,+447474182901,Мы уехали на Oxford Street
06/06/2017,18:03:11,Gerasim,+447474182901,Забыл и рыбу в духовке
06/06/2017,18:03:16,Gerasim,+447474182901,Наверное сгорела
06/06/2017,18:29:29,Я,+447481972607,Хорошо прожарилась
06/06/2017,18:29:36,Я,+447481972607,Не сгорела
06/06/2017,18:30:38,Gerasim,+447474182901,Вы выключили?
06/06/2017,19:09:56,Я,+447481972607,Да
07/06/2017,15:37:59,Я,+447481972607,Фото
07/06/2017,15:37:59,Я,+447481972607,Фото
08/06/2017,17:40:48,Gerasim,+447474182901,Что там с массажами
08/06/2017,17:40:49,Gerasim,+447474182901,?
08/06/2017,17:41:00,Gerasim,+447474182901,Переввозчики приехали
08/06/2017,17:41:05,Gerasim,+447474182901,Смс пришла
08/06/2017,18:01:40,Я,+447481972607,На 5 и на 7-30
08/06/2017,18:02:04,Я,+447481972607,Да мне тоже пришла в этот раз
08/06/2017,18:05:33,Gerasim,+447474182901,Вынесите мне ноутбук с зарядкой и наушники пожалуйста
08/06/2017,18:07:20,Я,+447481972607,Вынесла но пока никого нет
08/06/2017,18:08:08,Gerasim,+447474182901,Я после 6ти приеду. Только не знаю во сколько
08/06/2017,18:08:11,Gerasim,+447474182901,Может в 7
08/06/2017,18:08:25,Gerasim,+447474182901,Так что лучше пусть за дверью будет
10/06/2017,15:23:03,Gerasim,+447474182901,Я перевел вам 25ф на счет
10/06/2017,16:29:44,Я,+447481972607,С процентами?)))👍😄
14/06/2017,12:15:07,Gerasim,+447474182901,Забыл еду на тумбочке. Уберите в холодильник пожалуйста
14/06/2017,12:15:19,Я,+447481972607,Ворона
14/06/2017,12:15:36,Я,+447481972607,Будешь весь день голодный?
14/06/2017,12:16:00,Gerasim,+447474182901,Ага
14/06/2017,12:16:33,Gerasim,+447474182901,Не привык еще брать с собой
14/06/2017,12:16:43,Gerasim,+447474182901,Куплю что нибудь
14/06/2017,12:17:15,Я,+447481972607,Или объект их еще разок(wink)
14/06/2017,12:17:31,Я,+447481972607,Объешь
14/06/2017,12:17:37,Gerasim,+447474182901,Попробую
15/06/2017,16:59:21,Gerasim,+447474182901,Массажи сегодня?
15/06/2017,17:00:02,Я,+447481972607,Пока нету
15/06/2017,17:01:09,Gerasim,+447474182901,Пишите если что. Надо будет вынести что то
15/06/2017,17:01:37,Я,+447481972607,Ок
17/06/2017,10:01:54,Я,+447481972607,Можешь купить Толе что там он хочет а я тебе отдам кэш
18/06/2017,12:37:56,Gerasim,+447474182901,Я Толику вчера все купил
18/06/2017,12:38:05,Gerasim,+447474182901,70фунтов
18/06/2017,12:38:21,Gerasim,+447474182901,Вы платите за жилье сегодня тогда
18/06/2017,14:03:54,Я,+447481972607,Of course
24/06/2017,14:10:54,Gerasim,+447474182901,Фото
24/06/2017,14:10:55,Gerasim,+447474182901,?
24/06/2017,14:11:14,Gerasim,+447474182901,Или надо чтоб красиво и стильно было?
24/06/2017,14:14:11,Я,+447481972607,Смотря для чего
24/06/2017,14:14:41,Gerasim,+447474182901,Вы забыли?
24/06/2017,14:14:45,Gerasim,+447474182901,Для чего?
24/06/2017,14:14:50,Я,+447481972607,Поняла
24/06/2017,14:14:59,Я,+447481972607,Пойдет и руку левую
24/06/2017,14:15:03,Gerasim,+447474182901,Фото
24/06/2017,15:24:09,Gerasim,+447474182901,Все сделал
24/06/2017,15:24:17,Gerasim,+447474182901,Лежит на кровати
24/06/2017,15:24:37,Gerasim,+447474182901,Пакуйте в сумку сами чтоб не помять
24/06/2017,17:22:09,Я,+447481972607,Ок
24/06/2017,19:57:22,Я,+447481972607,Ты деньги положил в конверт?
24/06/2017,20:05:28,Gerasim,+447474182901,Нет. Забыл
24/06/2017,21:09:50,Gerasim,+447474182901,Завтра сниму
24/06/2017,21:10:07,Gerasim,+447474182901,Или вы положите.  я завтра отдам
24/06/2017,21:10:16,Gerasim,+447474182901,Плиииз
25/06/2017,16:39:45,Я,+447481972607,Отправил?
25/06/2017,16:54:46,Gerasim,+447474182901,Yep
25/06/2017,16:55:55,Я,+447481972607,Уже вижу
25/06/2017,17:00:02,Я,+447481972607,Спасибо
02/07/2017,21:28:01,Я,+447481972607,Ты оставил 50 ф на квартиру?
02/07/2017,21:56:44,Gerasim,+447474182901,Да. Не расчитал
02/07/2017,21:56:48,Gerasim,+447474182901,Сейчас сниму
02/07/2017,21:57:18,Я,+447481972607,Ок
05/07/2017,16:23:47,Я,+447481972607,Фото
06/07/2017,15:29:13,Gerasim,+447474182901,Что там как у вас?
06/07/2017,15:29:31,Gerasim,+447474182901,Напишите мне пожалуйста номер Ауры бухгалтера
07/07/2017,11:56:00,Я,+447481972607,Только подключили интернет
07/07/2017,12:56:38,Я,+447481972607,Фото
07/07/2017,12:56:38,Я,+447481972607,Фото
19/07/2017,07:17:48,Я,+447481972607,Привет! Как там у нас Погода?
19/07/2017,07:27:38,Gerasim,+447474182901,Привет! Испортилась вчера
19/07/2017,07:27:46,Gerasim,+447474182901,Так тепло было
19/07/2017,13:34:51,Gerasim,+447474182901,Прибыли уже?
19/07/2017,14:36:29,Я,+447481972607,Да только приземлились. В самолете еще
19/07/2017,15:41:30,Gerasim,+447474182901,Подождите. А мы вам билет обратно не взяли???
19/07/2017,15:41:40,Gerasim,+447474182901,С аэропорта
19/07/2017,16:05:52,Я,+447481972607,Ничего, еду в автобусе прямо купила
19/07/2017,18:19:01,Я,+447481972607,Как ты выжил?
19/07/2017,18:28:28,Gerasim,+447474182901,(laugh)
19/07/2017,18:28:43,Gerasim,+447474182901,Я только сегодня доел последнюю помидорку
19/07/2017,18:29:34,Gerasim,+447474182901,Ладно  все не так плохо было
19/07/2017,19:45:03,Я,+447481972607,На плите одна кастрюля и то наша!
19/07/2017,19:45:44,Я,+447481972607,Соседи смеялись что к этому приезду холодильник не мыл значит я провинилась🤣🤣🤣
19/07/2017,19:54:09,Gerasim,+447474182901,Зато я стены подкрасил
19/07/2017,19:54:18,Gerasim,+447474182901,Обленился в край
19/07/2017,20:44:27,Я,+447481972607,Заметила
19/07/2017,20:44:43,Я,+447481972607,Супер светлее даже стало в комнате
19/07/2017,20:44:51,Gerasim,+447474182901,Готовил еще по началу
19/07/2017,20:44:59,Я,+447481972607,А лень скоро пройдет
19/07/2017,20:45:02,Gerasim,+447474182901,А потом вообще перестал что то делать
19/07/2017,20:45:12,Gerasim,+447474182901,Я 8го домой лечу
19/07/2017,20:45:14,Я,+447481972607,Учеба начнется😆😆
19/07/2017,20:45:40,Я,+447481972607,Решился все таки на отпуск))
19/07/2017,20:46:36,Gerasim,+447474182901,Да
19/07/2017,20:46:40,Gerasim,+447474182901,Две неделю
19/07/2017,20:46:49,Я,+447481972607,Супер
22/07/2017,20:51:41,Я,+447481972607,Ты завтра сможешь отправить посылку?
22/07/2017,21:48:24,Gerasim,+447474182901,Не думаю
22/07/2017,21:48:28,Gerasim,+447474182901,С утра уеду
22/07/2017,21:49:21,Я,+447481972607,Ок. Попршу Сузанну
22/07/2017,21:49:56,Я,+447481972607,Ты оставь завтра за квартиру 70. Я 5 тебе должна
22/07/2017,21:50:09,Gerasim,+447474182901,Хорошо
24/07/2017,17:07:53,Gerasim,+447474182901,incoming_call
25/07/2017,17:59:41,Я,+447481972607,Если  что меня сегодня и завтра не будет уеду отдыхать
25/07/2017,18:00:43,Gerasim,+447474182901,Во сколько уедете?
25/07/2017,18:01:48,Я,+447481972607,Вечером где то в 8-30
25/07/2017,18:02:00,Я,+447481972607,Или пару минут позже
25/07/2017,18:06:41,Я,+447481972607,А где всякие штуки от кофемашины?
25/07/2017,18:07:07,Gerasim,+447474182901,В кофемашине
25/07/2017,18:07:55,Я,+447481972607,Не вижу подставки
25/07/2017,18:08:14,Я,+447481972607,И чашечку в кот насыпать кофе не вижу
25/07/2017,18:55:40,Gerasim,+447474182901,Она внутри
25/07/2017,18:55:48,Gerasim,+447474182901,Кофе машины
25/07/2017,18:55:54,Gerasim,+447474182901,Ее помыть надо
25/07/2017,18:56:14,Gerasim,+447474182901,Какой подставки ? Все на месте было утром
25/07/2017,20:01:41,Я,+447481972607,Нашла
25/07/2017,21:12:10,Gerasim,+447474182901,Вы ночевать то приедете?
25/07/2017,21:14:16,Я,+447481972607,Нет конечно
25/07/2017,21:14:59,Я,+447481972607,Уехала так уехала😂😂😂
26/07/2017,20:18:32,Gerasim,+447474182901,Фото
26/07/2017,20:55:57,Gerasim,+447474182901,Фото
29/07/2017,10:28:33,Я,+447481972607,Все нормально?
29/07/2017,10:33:45,Gerasim,+447474182901,Да
29/07/2017,10:33:52,Gerasim,+447474182901,Приехал сейчас
31/07/2017,07:28:21,Gerasim,+447474182901,А вы за квартиру не заплатили?деньги лежат
31/07/2017,07:29:25,Я,+447481972607,Да лежат можешь Сюзанне отдать сейчас
31/07/2017,07:36:31,Я,+447481972607,Вытащи кости с морозильника плиииз
31/07/2017,07:36:58,Gerasim,+447474182901,Ушли
31/07/2017,07:37:16,Я,+447481972607,Ок
06/08/2017,14:23:25,Gerasim,+447474182901,Вы что то меняли в деньгах что я оставил на столе?
06/08/2017,14:23:43,Gerasim,+447474182901,Не могу понять куда десятка делась
06/08/2017,14:24:55,Я,+447481972607,Что там 140?
06/08/2017,14:25:02,Gerasim,+447474182901,Ага
06/08/2017,14:25:24,Я,+447481972607,Возьми в шкафу я что то намутила
06/08/2017,14:25:46,Gerasim,+447474182901,Ок
08/08/2017,19:13:42,Я,+447481972607,Надо было не болтать а поесть перед дорогой все же было готово уже вот балда
08/08/2017,19:55:41,Gerasim,+447474182901,Я перед дорогой не могу
08/08/2017,19:55:41,Gerasim,+447474182901,Нервы
08/08/2017,22:19:56,Я,+447481972607,Чё там нервничать чай не первый раз😂😂
08/08/2017,22:21:54,Gerasim,+447474182901,В гости в Россию. Первый раз
08/08/2017,22:36:00,Я,+447481972607,Ну счастливо простить
08/08/2017,22:36:23,Gerasim,+447474182901,Фото
08/08/2017,22:37:45,Gerasim,+447474182901,Успокаиваю нервы(laugh)
15/08/2017,06:22:11,Gerasim,+447474182901,Сделал снимок позвоночника
15/08/2017,06:22:16,Gerasim,+447474182901,Патологий нет
15/08/2017,06:22:23,Gerasim,+447474182901,Кифос какой то
15/08/2017,06:23:33,Я,+447481972607,Кифос это как сколиоз только выгнута грудина
15/08/2017,06:25:06,Я,+447481972607,Как отдыхается?
15/08/2017,08:39:28,Gerasim,+447474182901,Хорошо
15/08/2017,08:39:42,Gerasim,+447474182901,Езжу по гостям и по врачам
15/08/2017,08:39:52,Gerasim,+447474182901,Снимок легких еще сделал
15/08/2017,08:40:33,Gerasim,+447474182901,И что этот кифоз? Что с ним делают?
15/08/2017,10:02:31,Я,+447481972607,С ним просто живут как со сколиозом просто изогнцт не позвоночник а грудина пока ничего не улавливает это незаметно
15/08/2017,13:54:08,Gerasim,+447474182901,Вот и хорошо
15/08/2017,13:54:16,Gerasim,+447474182901,Можно жить спокойно дальше
17/08/2017,19:18:53,Я,+447481972607,Фото
17/08/2017,19:20:15,Я,+447481972607,Воспользовалась отсутствием и держу вещи на посылку в твоем шкафу Ирена говорит ну вот и ты окупировала российскую территорию, в расчете😂🤣🤣🤣
18/08/2017,06:16:39,Gerasim,+447474182901,Шкафчиком тут не расчитаешься(laugh)
18/08/2017,06:28:08,Я,+447481972607,Приму любые другие формы рассчета😂
18/08/2017,06:47:19,Gerasim,+447474182901,Лааадно, ваши земли не трогали)))
18/08/2017,06:47:31,Gerasim,+447474182901,Ривне на месте
18/08/2017,06:47:54,Gerasim,+447474182901,Как вижу этот шкаф...убогое существование...
18/08/2017,06:48:11,Gerasim,+447474182901,В  маленькой комнате
18/08/2017,06:48:50,Gerasim,+447474182901,Сейчас поездил по гостям
18/08/2017,06:48:54,Я,+447481972607,Тебе еще под кроватью сфоткать?🤣🤣🤣
18/08/2017,06:48:56,Gerasim,+447474182901,По большим квартирам
18/08/2017,06:48:59,Gerasim,+447474182901,И домам
18/08/2017,06:49:38,Я,+447481972607,Решил остаться?
18/08/2017,06:50:52,Gerasim,+447474182901,Нет. Но печалька. Ночую в комнате больше в 6 раз чем наша
18/08/2017,06:51:29,Я,+447481972607,Просторненько
18/08/2017,06:51:45,Gerasim,+447474182901,И это у не богатых
18/08/2017,07:06:24,Я,+447481972607,Мы в тесноте да не в обиде. ЧТО тут еще скажешь
18/08/2017,07:07:01,Gerasim,+447474182901,А они в просторах и тоже не в обиде(smiley)
18/08/2017,07:08:48,Я,+447481972607,Стася передает привет и спрашивает когда приезжаешь
18/08/2017,07:09:04,Gerasim,+447474182901,В четверг
18/08/2017,07:09:42,Gerasim,+447474182901,80ф отправлю вам на счет
18/08/2017,07:09:50,Gerasim,+447474182901,За жилье
18/08/2017,07:16:34,Я,+447481972607,Ок
18/08/2017,07:17:17,Я,+447481972607,Отдыхай по круче, тут впереди одна рутина
18/08/2017,07:18:07,Gerasim,+447474182901,Устал уже))
18/08/2017,10:26:09,Я,+447481972607,Да ну, не выдумывай
, ты устал от отдыха???
18/08/2017,10:30:38,Gerasim,+447474182901,Не получается тупо лежать целыми днями
18/08/2017,10:30:44,Gerasim,+447474182901,То в больницу
18/08/2017,10:30:48,Gerasim,+447474182901,То еще куда
18/08/2017,10:30:58,Gerasim,+447474182901,Попроведуй одного другого
18/08/2017,10:31:06,Я,+447481972607,Тупо лежать будешь здесь
18/08/2017,10:31:11,Gerasim,+447474182901,Сплю плохо
18/08/2017,10:31:25,Gerasim,+447474182901,Ни жнем ни ночью нормального сна
18/08/2017,10:34:23,Я,+447481972607,Чего й то
18/08/2017,11:27:30,Gerasim,+447474182901,6 часов разница
18/08/2017,14:41:26,Я,+447481972607,Поменял график и спи на здоровье днем
18/08/2017,15:18:31,Gerasim,+447474182901,Вы не поймете
18/08/2017,15:18:41,Gerasim,+447474182901,Ночью сон как дневной
18/08/2017,15:18:53,Gerasim,+447474182901,Час спишь и высыпаешься
18/08/2017,15:19:04,Gerasim,+447474182901,А днем все ходят и светло
18/08/2017,15:19:24,Gerasim,+447474182901,Я отправил вам деньги £80
18/08/2017,15:23:21,Я,+447481972607,Стикер
18/08/2017,15:23:43,Я,+447481972607,Ладно не спи, здесь отоспишься😉
21/08/2017,10:10:30,Я,+447481972607,[{"Type":""},{"Type":""},{"Action":{"name":"openurl","parameters":{"type":"regular","external":"true","url":"https:\/\/www.youtube.com\/watch?v=2BT9yRk35wA"}},"Type":"vdo","ThumbnailHeight":225,"ThumbnailWidth":400,"ThumbnailUrl":"https:\/\/i.ytimg.com\/vi\/2BT9yRk35wA\/hqdefault.jpg"},{"Type":""},{"Action":{"name":"openurl","parameters":{"type":"regular","external":"true","url":"https:\/\/www.youtube.com\/watch?v=2BT9yRk35wA"}},"Type":"txt","Color":1470418,"Size":1,"Underline":"true","MaxLinesNumber":2,"Text":"Americas Got Talent 2017 Light Balance of Ukraine got Tyra Bank's first golden buzzer","TextSpans":"no_sp"},{"Action":{"name":"openurl","parameters":{"type":"regular","external":"true","url":"https:\/\/www.youtube.com\/watch?v=2BT9yRk35wA"}},"Type":"txt","Color":8553090,"Size":1,"Text":"youtube.com","TextSpans":"no_sp"},{"Type":"info","PushText":"https:\/\/www.youtube.com\/watch?v=2BT9yRk35wA","PreviewText":"https:\/\/www.youtube.com\/watch?v=2BT9yRk35wA"}]
26/08/2017,18:09:29,Я,+447481972607,Фото
26/08/2017,18:09:29,Я,+447481972607,Фото
26/08/2017,18:09:29,Я,+447481972607,Фото
26/08/2017,18:09:29,Я,+447481972607,Фото
26/08/2017,18:09:29,Я,+447481972607,Фото
26/08/2017,18:09:29,Я,+447481972607,Фото
26/08/2017,18:09:29,Я,+447481972607,Фото
26/08/2017,18:09:29,Я,+447481972607,Фото
26/08/2017,18:09:29,Я,+447481972607,Фото
26/08/2017,18:10:22,Gerasim,+447474182901,Нифига ссе
26/08/2017,18:10:26,Gerasim,+447474182901,Круто как
26/08/2017,18:11:27,Я,+447481972607,Да уж
26/08/2017,19:44:29,Я,+447481972607,Фото
26/08/2017,19:44:29,Я,+447481972607,Фото
26/08/2017,19:44:29,Я,+447481972607,Фото
26/08/2017,19:44:29,Я,+447481972607,Фото
26/08/2017,19:44:29,Я,+447481972607,Фото
26/08/2017,19:44:29,Я,+447481972607,Фото
31/08/2017,07:40:38,Я,+447481972607,Despacito Remix.mp3
31/08/2017,07:40:49,Я,+447481972607,Доброе утро!
31/08/2017,07:50:15,Я,+447481972607,Она приедет😂😂😂🤣
31/08/2017,08:00:39,Gerasim,+447474182901,Как!???
31/08/2017,08:01:04,Gerasim,+447474182901,Зачем???
31/08/2017,08:02:16,Я,+447481972607,Я надеюсь ещё застать тёплые деньки, как приеду)
31/08/2017,08:02:28,Я,+447481972607,Скопировала
31/08/2017,08:02:41,Gerasim,+447474182901,Бедное дитя
31/08/2017,08:08:18,Я,+447481972607,Despacito Remix.mp3
31/08/2017,08:09:05,Gerasim,+447474182901,Эта песня уже в печени
31/08/2017,08:09:11,Gerasim,+447474182901,(laugh)
06/09/2017,14:06:36,Я,+447481972607,В 6?
06/09/2017,14:43:38,Gerasim,+447474182901,Ok
07/09/2017,10:27:52,Gerasim,+447474182901,Я тут с ключом лоханулся. Зайду к вам на работу за ним
07/09/2017,10:28:01,Gerasim,+447474182901,Через пол часа
08/09/2017,18:05:54,Я,+447481972607,5-45
08/09/2017,18:16:00,Gerasim,+447474182901,(like)
09/09/2017,12:58:46,Я,+447481972607,Занят?
09/09/2017,12:59:23,Я,+447481972607,Можешь глянуть билеты до Киева на 2ое октября? Дали отпуск
09/09/2017,13:00:54,Я,+447481972607,message_deleted/TCL2KASFCms=
09/09/2017,13:16:58,Gerasim,+447474182901,В одну сторону?
09/09/2017,13:18:30,Gerasim,+447474182901,Все с гатвика
09/09/2017,13:19:11,Gerasim,+447474182901,£108 в 23.00 прямой
09/09/2017,13:20:01,Gerasim,+447474182901,£89 в 9.25 с пересадкой в Риге. Общее время полета 8.40
09/09/2017,13:21:32,Gerasim,+447474182901,£152 с Лутона в 10.35
09/09/2017,13:22:34,Gerasim,+447474182901,£133.20 с Хитроу в 8.20
09/09/2017,13:22:53,Gerasim,+447474182901,С работы сразу идите домой. Посмотрим
09/09/2017,13:24:32,Я,+447481972607,Кошмар
09/09/2017,13:25:12,Я,+447481972607,Толя за 33 нашел через Люблин так я не захотела сидеть там 3 часа но 33 ф
09/09/2017,13:40:29,Gerasim,+447474182901,Лучше посидеть
09/09/2017,14:01:10,Я,+447481972607,Попрошу его скинуть где он увидел эти билеты
11/09/2017,13:57:22,Я,+447481972607,На 8 сегодня взяла
11/09/2017,13:57:35,Gerasim,+447474182901,Ok
11/09/2017,20:28:17,Gerasim,+447474182901,Скоро там?
12/09/2017,07:35:24,Я,+447481972607,Можешь глянуть мой аккаунт номер?
12/09/2017,07:36:31,Я,+447481972607,В верхнем шкафчик с левой стороны блокнот тонкий рябенткий белый в полоски на последней странице обложки
12/09/2017,07:46:22,Gerasim,+447474182901,72629274
12/09/2017,07:46:53,Я,+447481972607,Спасибо
12/09/2017,12:21:42,Я,+447481972607,6-30
12/09/2017,13:11:10,Gerasim,+447474182901,Ok
12/09/2017,13:11:35,Gerasim,+447474182901,Один час?
12/09/2017,14:09:55,Я,+447481972607,Yes
12/09/2017,16:46:55,Я,+447481972607,Могу я взять на 5-30?
12/09/2017,16:47:24,Gerasim,+447474182901,Блин
12/09/2017,16:47:32,Gerasim,+447474182901,Я приеду в 5 30
12/09/2017,16:54:44,Я,+447481972607,Нет?
12/09/2017,17:02:25,Gerasim,+447474182901,Не хотелось бы
12/09/2017,17:06:42,Я,+447481972607,Ок, не беру, но теперь  задумаюсь сколько я теряю 😉
12/09/2017,17:08:47,Gerasim,+447474182901,У вас не стабильно
12/09/2017,17:09:04,Gerasim,+447474182901,Меня до конца недели вообще не будет дома
12/09/2017,17:09:13,Gerasim,+447474182901,С утра до самой ночи
12/09/2017,17:09:30,Я,+447481972607,Стикер
12/09/2017,17:09:46,Я,+447481972607,Разберемся я надеюсь
12/09/2017,17:09:54,Gerasim,+447474182901,А вам сегодня приспичило
12/09/2017,17:10:14,Я,+447481972607,Мне в когда приспичивает😄
12/09/2017,17:10:21,Я,+447481972607,Всегда
13/09/2017,07:54:46,Я,+447481972607,Ветренно
13/09/2017,08:36:03,Gerasim,+447474182901,Мне нравится как пишет андроид. +14 но ощущается 9
13/09/2017,10:01:58,Я,+447481972607,Утром ощущалось что голову сдует
16/09/2017,12:53:13,Я,+447481972607,Она приедет 1го октября
16/09/2017,14:22:01,Gerasim,+447474182901,(mad)
19/09/2017,15:45:50,Gerasim,+447474182901,Сегодня я до 19.00
19/09/2017,15:45:57,Gerasim,+447474182901,Если пойдете в лидл возьмите пожалуйста рыбы 4 упаковки
19/09/2017,15:45:58,Gerasim,+447474182901,А то я когда приезжаю все разобрано
19/09/2017,16:41:07,Я,+447481972607,Ок! Если пойду..
19/09/2017,17:34:30,Я,+447481972607,Я закончу массаж в 18-30
19/09/2017,17:48:41,Я,+447481972607,Рыбу купила
24/09/2017,17:29:11,Я,+447481972607,Привет! Что у тебя во вторник? Крис хочет массаж
24/09/2017,17:30:19,Gerasim,+447474182901,До 20.00 лекция
24/09/2017,17:30:35,Gerasim,+447474182901,В 20.30 примерно вернусь
28/09/2017,10:01:55,Я,+447481972607,Какой график у тебя в воскресенье?
28/09/2017,10:02:48,Gerasim,+447474182901,До 4.30 дома. Потом работаю до поздна
28/09/2017,10:04:21,Я,+447481972607,Ок
30/09/2017,14:12:02,Gerasim,+447474182901,Сказали не надо массаж
30/09/2017,14:12:08,Gerasim,+447474182901,Все билеты готовы
30/09/2017,14:13:24,Я,+447481972607,За билеты спасибо.; массаж не надо да и хорошо, не до этого сегодня
01/10/2017,12:50:29,Gerasim,+447474182901,Отправят сказали
01/10/2017,12:50:33,Gerasim,+447474182901,Сумку
01/10/2017,13:33:04,Я,+447481972607,Стикер
02/10/2017,10:33:25,Я,+447481972607,В Люблине
02/10/2017,10:34:00,Gerasim,+447474182901,Хорошо
02/10/2017,10:34:28,Gerasim,+447474182901,И как там?)
02/10/2017,10:34:53,Я,+447481972607,Как и на Украине, очень похоже
02/10/2017,10:35:20,Я,+447481972607,Поляки такой же колхоз как и мы
02/10/2017,10:36:56,Gerasim,+447474182901,Они то да))
02/10/2017,22:43:00,Я,+447481972607,Дома
02/10/2017,22:53:23,Gerasim,+447474182901,👍
06/10/2017,23:49:46,Gerasim,+447474182901,BoardingCard_152680541_IEV_LTN(1).html
07/10/2017,06:19:17,Я,+447481972607,Спасибо
07/10/2017,21:53:15,Я,+447481972607,Привет! Какие планы на завтра? Просят на 4-20
07/10/2017,21:57:34,Gerasim,+447474182901,Концерт в 5
07/10/2017,21:57:42,Gerasim,+447474182901,Думаю в 7 вернусь
07/10/2017,21:57:46,Gerasim,+447474182901,Не раньше
07/10/2017,21:58:03,Gerasim,+447474182901,Вы уже дома?
07/10/2017,21:58:10,Gerasim,+447474182901,Удлинитель я спалил
07/10/2017,21:58:21,Gerasim,+447474182901,Если что
07/10/2017,22:03:54,Я,+447481972607,С массажами успею а вот что делать с электрикой? Нада и музыка и лампа и обогреватель. Я выезжаю с Лутона
08/10/2017,16:37:20,Gerasim,+447474182901,Удлинитель купил
08/10/2017,16:37:37,Gerasim,+447474182901,Молоко тоже
08/10/2017,16:37:44,Gerasim,+447474182901,Мясо начал варить
08/10/2017,16:37:47,Gerasim,+447474182901,Час варил
08/10/2017,16:37:56,Gerasim,+447474182901,Приеду не раньше 8ми
08/10/2017,16:38:13,Gerasim,+447474182901,Конуерт оказывается в 7
08/10/2017,17:02:22,Я,+447481972607,Поняла
08/10/2017,20:53:59,Я,+447481972607,Картошка в суп есть?
08/10/2017,20:54:13,Gerasim,+447474182901,Возле пылесоса
08/10/2017,20:54:24,Gerasim,+447474182901,Пакет открытый
08/10/2017,20:54:24,Я,+447481972607,И какую крупу предпочитает или опять вермишель?
08/10/2017,20:54:44,Gerasim,+447474182901,Вермишели еще не было)
08/10/2017,20:54:48,Gerasim,+447474182901,Давайте ее
08/10/2017,20:54:50,Я,+447481972607,Роняда
08/10/2017,20:54:54,Я,+447481972607,Поняла
09/10/2017,13:33:04,Я,+447481972607,Могу взять на 7 массаж?
09/10/2017,14:11:03,Gerasim,+447474182901,Ага
09/10/2017,20:20:41,Я,+447481972607,Начали позже, в 7 :25
09/10/2017,21:30:13,Gerasim,+447474182901,Я только выезжаю
10/10/2017,08:50:21,Gerasim,+447474182901,Сегодня немраньше восьми приеду
10/10/2017,08:51:22,Gerasim,+447474182901,Завтра вернусь рано. В 7 наверное
10/10/2017,08:51:49,Gerasim,+447474182901,С четверга по пятницу до поздна
10/10/2017,08:51:54,Gerasim,+447474182901,Ой
10/10/2017,08:52:00,Gerasim,+447474182901,С четверга по воскресенье
10/10/2017,08:52:25,Gerasim,+447474182901,Не помните график работы литовского магазина возле вашей работы?
10/10/2017,10:08:29,Я,+447481972607,С 10 до 8
10/10/2017,16:49:39,Я,+447481972607,Хотят на 7-45.
10/10/2017,16:50:51,Gerasim,+447474182901,На час?
10/10/2017,16:51:12,Я,+447481972607,Да
10/10/2017,16:51:17,Gerasim,+447474182901,В итоге начнете в 8?)
10/10/2017,16:52:00,Gerasim,+447474182901,Тапки вынесите плииз
10/10/2017,16:52:06,Я,+447481972607,Ок
10/10/2017,16:52:11,Gerasim,+447474182901,И штаны домашние
10/10/2017,16:52:17,Я,+447481972607,Ок
13/10/2017,17:19:26,Я,+447481972607,4-30 до 5-30
13/10/2017,17:26:32,Gerasim,+447474182901,Блин мне переодеться надо
13/10/2017,17:26:53,Я,+447481972607,Во сколько
13/10/2017,17:26:59,Я,+447481972607,Еще не начала
13/10/2017,17:27:10,Gerasim,+447474182901,Ладно. Только не берите следующий сразу
13/10/2017,17:27:16,Я,+447481972607,Ок
13/10/2017,17:27:16,Gerasim,+447474182901,Перерыв пусть будет
13/10/2017,17:27:25,Gerasim,+447474182901,Пол часа
13/10/2017,17:27:34,Я,+447481972607,Добре
14/10/2017,10:23:33,Я,+447481972607,outgoing_call
14/10/2017,14:35:53,Я,+447481972607,7?
14/10/2017,17:19:41,Gerasim,+447474182901,Good
14/10/2017,18:02:27,Gerasim,+447474182901,Книга зачетная
14/10/2017,18:03:15,Я,+447481972607,Не поняла
14/10/2017,18:03:39,Gerasim,+447474182901,Забыли уже
14/10/2017,18:03:47,Gerasim,+447474182901,Книга пришла
14/10/2017,18:04:15,Я,+447481972607,Супер. Не забыла просто не поняла почему зачетная
15/10/2017,16:39:21,Gerasim,+447474182901,Я ничего не отправил. Приходите сразу с работы если хотите успеть
15/10/2017,18:02:58,Gerasim,+447474182901,Быстро вы
15/10/2017,18:05:17,Gerasim,+447474182901,£16.43
15/10/2017,18:06:33,Я,+447481972607,Спасибочки!
15/10/2017,21:24:08,Я,+447481972607,Я эту неделю 80 плачу ?
15/10/2017,21:24:56,Gerasim,+447474182901,Нет. Я
15/10/2017,21:25:32,Gerasim,+447474182901,Я деньги снял
15/10/2017,21:25:40,Gerasim,+447474182901,Но забыл их оставить))
15/10/2017,21:26:14,Я,+447481972607,Я только вернулась никто не просил пока
16/10/2017,19:49:36,Я,+447481972607,С 7. Крис.Стучи если что
.
16/10/2017,19:54:14,Gerasim,+447474182901,Ок
16/10/2017,19:55:05,Я,+447481972607,И борщик суперовый тебя ждет
17/10/2017,20:22:04,Я,+447481972607,Когда закончишь?
20/10/2017,19:45:14,Gerasim,+447474182901,Я заехал на работу
20/10/2017,19:45:19,Gerasim,+447474182901,Так невзначай
20/10/2017,19:45:29,Gerasim,+447474182901,В общем работаю сегодня
20/10/2017,20:10:49,Я,+447481972607,Классно тебе, повезло
22/10/2017,12:42:44,Gerasim,+447474182901,А какой файл?
22/10/2017,12:44:12,Gerasim,+447474182901,Тут два одинаковых
22/10/2017,12:44:12,Я,+447481972607,Ну который был открыт
22/10/2017,12:44:24,Gerasim,+447474182901,Аааа
22/10/2017,12:44:33,Я,+447481972607,В одном ответы побольше
22/10/2017,12:50:40,Я,+447481972607,Отправил?
22/10/2017,12:51:28,Я,+447481972607,Толя сне советует другой комп купить, этот все нервы съест и время
22/10/2017,12:53:46,Gerasim,+447474182901,Это жесть
22/10/2017,12:53:54,Gerasim,+447474182901,Покажу вам как делать
22/10/2017,12:54:12,Gerasim,+447474182901,Полчаса какой то файл отправить
22/10/2017,12:54:18,Я,+447481972607,Во сколько уходишь?
22/10/2017,12:54:30,Я,+447481972607,Да, тормознутый
22/10/2017,12:54:32,Gerasim,+447474182901,Так же
22/10/2017,12:54:35,Gerasim,+447474182901,Как вчера
22/10/2017,12:55:30,Gerasim,+447474182901,Katarzina?
22/10/2017,12:56:46,Я,+447481972607,Da
22/10/2017,12:58:06,Gerasim,+447474182901,Отправил
22/10/2017,13:00:35,Я,+447481972607,Спс
22/10/2017,13:01:14,Я,+447481972607,Купи что там хочешь что б приготовила если время будет
23/10/2017,19:08:26,Gerasim,+447474182901,Что там у вас?
23/10/2017,19:08:34,Gerasim,+447474182901,Массажи есть?
23/10/2017,19:10:42,Я,+447481972607,Крис на 7
23/10/2017,19:10:47,Gerasim,+447474182901,Ок
23/10/2017,19:10:54,Я,+447481972607,На плите вермишель
23/10/2017,19:11:03,Я,+447481972607,Что вынести?
23/10/2017,19:11:03,Gerasim,+447474182901,Ага. Я варил
23/10/2017,19:11:12,Gerasim,+447474182901,Ноутбук
23/10/2017,19:11:20,Я,+447481972607,Не..я варила
23/10/2017,19:11:24,Gerasim,+447474182901,И я
23/10/2017,19:11:30,Gerasim,+447474182901,😅
23/10/2017,19:11:35,Gerasim,+447474182901,Рожки
23/10/2017,19:11:49,Я,+447481972607,У нас 2 вермишели👍
23/10/2017,19:11:56,Gerasim,+447474182901,Ноутбук с зарядклй переходником
23/10/2017,19:12:03,Я,+447481972607,Моя с беконом и соусом
23/10/2017,19:12:09,Я,+447481972607,Добре
23/10/2017,19:12:13,Gerasim,+447474182901,Зарядка для телефона у меня есть
23/10/2017,19:13:24,Я,+447481972607,Вынесла
23/10/2017,19:14:28,Gerasim,+447474182901,Толстовку зеленую из шкафа
23/10/2017,19:17:12,Я,+447481972607,Сделано.И тапочки
23/10/2017,19:20:47,Gerasim,+447474182901,Наушники!!!
23/10/2017,19:21:48,Я,+447481972607,Уже
В комплекте
23/10/2017,19:22:30,Gerasim,+447474182901,Тогда гулять так гулять
23/10/2017,19:22:36,Gerasim,+447474182901,Надо ручку еще
23/10/2017,19:22:51,Gerasim,+447474182901,Если есть
23/10/2017,19:30:54,Я,+447481972607,Ну прогуляюсь еще раз в коридор😂
25/10/2017,16:02:53,Я,+447481972607,На 5 на 1.5 часа
25/10/2017,16:36:48,Gerasim,+447474182901,Ок
25/10/2017,17:29:52,Я,+447481972607,Перенес на 5 -45 . 1.5 часа
26/10/2017,09:03:56,Я,+447481972607,Посмотри что там с моим компом. Надо ж мне доделывать а он завис.Плииз
26/10/2017,10:17:26,Gerasim,+447474182901,Перезапустить пробовали?
26/10/2017,10:59:56,Я,+447481972607,Нет
26/10/2017,13:05:36,Я,+447481972607,Ты посылку в воскресенье сможешь отправить?
26/10/2017,13:05:58,Gerasim,+447474182901,Неа
26/10/2017,13:06:05,Gerasim,+447474182901,У меня ансамбль
26/10/2017,13:06:18,Я,+447481972607,Ясно
26/10/2017,13:06:36,Gerasim,+447474182901,Бук перезагрузил
26/10/2017,13:06:41,Gerasim,+447474182901,Вс5 норм
26/10/2017,13:06:54,Я,+447481972607,Супер. Спс
28/10/2017,22:10:54,Я,+447481972607,Для входа в он лайн банкинг требуют сукьюрити код.не знаешь что это и где его посмотреть?
28/10/2017,22:43:52,Gerasim,+447474182901,Я не знаю. Запрашивал сам из банка
28/10/2017,22:43:59,Gerasim,+447474182901,Попробуйте в телефоне
28/10/2017,22:44:05,Gerasim,+447474182901,Я же вам установил
28/10/2017,22:44:07,Gerasim,+447474182901,Прогу
29/10/2017,17:49:23,Я,+447481972607,На 5-30
30/10/2017,19:29:52,Я,+447481972607,Крис на 7
30/10/2017,21:07:11,Я,+447481972607,Ты когда будешь?
30/10/2017,21:11:50,Gerasim,+447474182901,В 9
30/10/2017,21:14:21,Gerasim,+447474182901,Спросите у Криса. У них есть фильм Джеетельмены удачи на болгарском?
30/10/2017,21:14:28,Gerasim,+447474182901,Пржалуйста))
31/10/2017,13:44:33,Я,+447481972607,Фото
31/10/2017,13:44:46,Я,+447481972607,Спасибо за помощь
31/10/2017,14:22:26,Gerasim,+447474182901,👍
01/11/2017,16:05:56,Я,+447481972607,Что у тебя сегодня? Во сколько дома?
01/11/2017,16:33:57,Gerasim,+447474182901,Поздно
01/11/2017,16:34:11,Gerasim,+447474182901,Если прийду вообще)
01/11/2017,17:13:57,Я,+447481972607,Ни чё се планы!!👍
01/11/2017,17:38:01,Gerasim,+447474182901,Фото
01/11/2017,17:53:35,Я,+447481972607,Ну ты красавчик, понятно, а рядом кто?
01/11/2017,17:54:16,Gerasim,+447474182901,Загуглите Джеймс Несбит
01/11/2017,17:57:32,Я,+447481972607,Супер, начинай засвечиваться👍👍👍
02/11/2017,11:55:25,Gerasim,+447474182901,Паспорт пришел
02/11/2017,13:32:36,Я,+447481972607,Уррррааааа!!!!!!
02/11/2017,14:08:35,Я,+447481972607,Курицу вчера пожарила пока была горячая была просто волшебная, с корочкой , сочная , сама не знаю как так получилось. Отсыпаешься??
02/11/2017,14:30:30,Gerasim,+447474182901,У меня второй супер день
02/11/2017,14:30:44,Gerasim,+447474182901,С утра встал и из гринвича домой
02/11/2017,14:30:53,Gerasim,+447474182901,Потом поехал за байком
02/11/2017,14:31:04,Gerasim,+447474182901,Сейчас вернулся на ансамбдь
02/11/2017,14:31:11,Gerasim,+447474182901,Вечером на работу
02/11/2017,17:14:18,Я,+447481972607,И настроение смотрю суперовое
02/11/2017,17:56:47,Я,+447481972607,outgoing_call
02/11/2017,21:21:39,Gerasim,+447474182901,А в вашей школе курсы только для массажистов ?
02/11/2017,21:21:52,Gerasim,+447474182901,Для херапрактиков нет?
02/11/2017,21:53:30,Я,+447481972607,Нет
05/11/2017,16:56:32,Я,+447481972607,А чего 50? Я что то забыла?
05/11/2017,16:56:46,Gerasim,+447474182901,Нет
05/11/2017,16:56:54,Gerasim,+447474182901,Это я не снял еще
05/11/2017,16:57:08,Я,+447481972607,Ясно
05/11/2017,16:57:08,Gerasim,+447474182901,Я еще приеду
05/11/2017,16:57:26,Я,+447481972607,Я на 5 взяла массаж
05/11/2017,16:57:47,Gerasim,+447474182901,Ясно
05/11/2017,16:58:22,Gerasim,+447474182901,Шлем мой в коридоре положите пожалуйста
05/11/2017,16:58:34,Gerasim,+447474182901,И кофту зеленую с капюшоном
05/11/2017,16:59:07,Я,+447481972607,Может перенести на полчаса?
05/11/2017,16:59:43,Gerasim,+447474182901,я приеду в 5.30 и уеду в 6
05/11/2017,17:00:11,Я,+447481972607,Попробую на 6 перенести
05/11/2017,18:45:52,Я,+447481972607, 679-691 High road Leyton, London, E10 6RA, UK
05/11/2017,18:46:29,Я,+447481972607,02080048835
05/11/2017,18:46:51,Я,+447481972607,[{"Type":""},{"Action":{"name":"openurl","parameters":{"type":"regular","external":"true","url":"http:\/\/www.cpba.co.uk\/"}},"Type":"img","DisplayHeight":400,"DisplayWidth":400,"ImageUrl":"http:\/\/www.cpba.co.uk\/wp-content\/themes\/cpba\/img\/cpb.png"},{"Type":""},{"Type":""},{"Action":{"name":"openurl","parameters":{"type":"regular","external":"true","url":"http:\/\/www.cpba.co.uk\/"}},"Type":"txt","Color":1470418,"Size":1,"Underline":"true","MaxLinesNumber":2,"Text":"Candor Professional Beauty Academy – Making the professionals","TextSpans":"no_sp"},{"Action":{"name":"openurl","parameters":{"type":"regular","external":"true","url":"http:\/\/www.cpba.co.uk\/"}},"Type":"txt","Color":8553090,"Size":1,"Text":"cpba.co.uk","TextSpans":"no_sp"},{"Type":"info","PushText":"http:\/\/www.cpba.co.uk\/","PreviewText":"http:\/\/www.cpba.co.uk\/"}]
06/11/2017,18:54:24,Я,+447481972607,Крис на 7
06/11/2017,18:54:39,Gerasim,+447474182901,Ок
07/11/2017,19:02:53,Я,+447481972607,Сегодня на 6
08/11/2017,09:05:56,Gerasim,+447474182901,Голосовое сообщение
10/11/2017,12:35:47,Я,+447481972607,На 5:15
10/11/2017,12:36:41,Gerasim,+447474182901,На 5.45 никак?))
10/11/2017,12:36:54,Gerasim,+447474182901,6?)
10/11/2017,12:39:05,Я,+447481972607,Договорилась на 5-45
10/11/2017,12:39:24,Gerasim,+447474182901,Спасибо
10/11/2017,12:40:11,Я,+447481972607,Сочтемся😎
11/11/2017,15:59:52,Я,+447481972607,7?
11/11/2017,16:00:08,Gerasim,+447474182901,Ок
13/11/2017,11:03:21,Я,+447481972607,Крис на 7 и можно еще один пораньше, где-то на 5-30?
13/11/2017,11:14:49,Gerasim,+447474182901,Сегодня до поздна. Вернусь в 9
13/11/2017,16:30:42,Я,+447481972607,А когда уйдешь?
13/11/2017,16:30:51,Я,+447481972607,Я могу начать в 5?
13/11/2017,18:13:39,Gerasim,+447474182901,Я на весь день сегодня уехал
13/11/2017,18:13:43,Gerasim,+447474182901,И завтра тоже
14/11/2017,23:59:07,Gerasim,+447474182901,Я с Ирой разминулся
15/11/2017,00:02:15,Gerasim,+447474182901,Откройте ей дверь если доберется)
15/11/2017,00:02:16,Gerasim,+447474182901,(confused)
15/11/2017,00:22:14,Я,+447481972607,Уже пришла
15/11/2017,00:22:36,Я,+447481972607,Дверь открыла
15/11/2017,00:22:45,Я,+447481972607,Ты скоро?
15/11/2017,00:22:54,Gerasim,+447474182901,Час
15/11/2017,00:23:01,Gerasim,+447474182901,Меньше
15/11/2017,00:23:05,Gerasim,+447474182901,Минут 40
17/11/2017,08:36:13,Я,+447481972607,Холодно
17/11/2017,08:54:05,Gerasim,+447474182901,I told you
17/11/2017,08:54:27,Gerasim,+447474182901,Теперь вообще страшно из дома выходить
17/11/2017,11:06:19,Я,+447481972607,Потеплело)))
17/11/2017,11:30:06,Gerasim,+447474182901,Ага
17/11/2017,11:30:11,Gerasim,+447474182901,По теплу и уехал
19/11/2017,10:12:02,Я,+447481972607,В какое время вам удобнее что бы я взяла массаж с 5 до 7?
19/11/2017,10:12:33,Gerasim,+447474182901,Мне удобнее с 6ти
19/11/2017,10:12:39,Gerasim,+447474182901,Я в 6 уеду
19/11/2017,10:20:39,Я,+447481972607,Ок с 6
20/11/2017,19:01:58,Я,+447481972607,На 6
20/11/2017,19:02:16,Gerasim,+447474182901,Ок
20/11/2017,19:02:44,Gerasim,+447474182901,Мы в 8 вернемся
22/11/2017,17:26:51,Я,+447481972607,Во сколько ты вернешься, я взяла один на 6-30 И просят на 8
22/11/2017,17:29:43,Gerasim,+447474182901,В 7 вернусь
22/11/2017,17:30:08,Gerasim,+447474182901,Берите
22/11/2017,17:32:19,Gerasim,+447474182901,Главное чтоб был пеперыв5 между ними
22/11/2017,17:33:29,Я,+447481972607,Закончу в 7-30 следующий на 8
22/11/2017,17:33:37,Gerasim,+447474182901,Ок
22/11/2017,17:36:40,Gerasim,+447474182901,Хотя я наверное счас домой поеду.
25/11/2017,20:07:41,Я,+447481972607,Во сколько Завтра на работу?
25/11/2017,20:24:43,Gerasim,+447474182901,В 6.30
25/11/2017,20:25:07,Gerasim,+447474182901,В 5.45 приеду переодеться и все
27/11/2017,18:32:44,Я,+447481972607,Крис на 6-45
27/11/2017,18:36:42,Gerasim,+447474182901,Ok
30/11/2017,15:20:23,Gerasim,+447474182901,А где фен?
30/11/2017,17:53:17,Я,+447481972607,Покажу
01/12/2017,17:26:54,Я,+447481972607,На 4-30
01/12/2017,17:27:30,Gerasim,+447474182901,(like)
01/12/2017,20:56:49,Я,+447481972607,Завтра с 7 до 9?
01/12/2017,21:36:41,Gerasim,+447474182901,Ok
02/12/2017,11:12:15,Я,+447481972607,Плов на стиральной машине
04/12/2017,13:33:14,Я,+447481972607,Ира взяла выходной? Как отмечать будем?
04/12/2017,13:55:39,Gerasim,+447474182901,Да взяла
04/12/2017,13:55:52,Gerasim,+447474182901,Предлагаю поехать в центр
04/12/2017,13:55:57,Gerasim,+447474182901,На улице тепло
04/12/2017,13:56:07,Gerasim,+447474182901,Погуляем. Зайдем куда
04/12/2017,13:57:13,Я,+447481972607,Сварить яйца сделаем салат , принесу шампанское посидим чтоб голодными не идти потом пойдем)))
04/12/2017,13:57:22,Я,+447481972607,Сварите плиииз
04/12/2017,13:57:38,Gerasim,+447474182901,Сколько?
04/12/2017,13:57:52,Я,+447481972607,Наверное в Гайд парк
04/12/2017,13:58:00,Я,+447481972607,Там аттракционы
04/12/2017,13:58:05,Я,+447481972607,Штук 6
04/12/2017,13:58:16,Gerasim,+447474182901,Оооо
04/12/2017,13:58:23,Gerasim,+447474182901,Хорошая идея
04/12/2017,20:51:02,Я,+447481972607,Фото
04/12/2017,21:15:47,Gerasim,+447474182901,Зашли?
04/12/2017,21:16:02,Gerasim,+447474182901,missed_call
05/12/2017,21:15:52,Я,+447481972607,Ты дома?
05/12/2017,21:16:20,Я,+447481972607,Сорри. Я до 8-45
05/12/2017,21:20:13,Gerasim,+447474182901,Я работаю
05/12/2017,21:20:23,Gerasim,+447474182901,В 23.00 буду
08/12/2017,18:04:45,Gerasim,+447474182901,Что с массажами сегодня?
08/12/2017,19:27:19,Я,+447481972607,Пока не заказывали
11/12/2017,12:52:10,Gerasim,+447474182901,3 фунта на столе не видели. Соседке отдать
11/12/2017,12:52:13,Gerasim,+447474182901,?
11/12/2017,14:05:12,Я,+447481972607,Отдала уже вчера
11/12/2017,16:30:50,Я,+447481972607,Я могу взять на 5 и на 7?
11/12/2017,16:42:05,Gerasim,+447474182901,Мне надо в 5 или 5 30 хотя бы переодеться
11/12/2017,16:42:46,Я,+447481972607,То на сколько сказать на 5 или 5-30?
11/12/2017,16:43:15,Я,+447481972607,Я скажу 515 Ты к 5 приезжай
11/12/2017,16:43:19,Gerasim,+447474182901,Ок
11/12/2017,18:06:28,Я,+447481972607,Уже пришел. Ты Где?
11/12/2017,19:40:46,Я,+447481972607,Другой на 6-45
11/12/2017,20:08:10,Gerasim,+447474182901,Я на работе уже
24/12/2017,14:26:23,Я,+447481972607,В 5 сегодня массаж, плиииз
24/12/2017,14:26:53,Gerasim,+447474182901,Я уеду уже
24/12/2017,14:26:56,Gerasim,+447474182901,Надеюсь
27/12/2017,16:35:40,Я,+447481972607,4-30 массаж
28/12/2017,18:08:12,Я,+447481972607,Перенесла на завтра, отдыхай!
07/01/2018,11:05:59,Я,+447481972607,С Рождеством!
07/01/2018,11:08:39,Gerasim,+447474182901,Спасибо и вас с Рождеством Христовым!
09/01/2018,19:19:18,Я,+447481972607,В 7-15 будет массаж
09/01/2018,19:19:34,Gerasim,+447474182901,.ок
09/01/2018,19:19:45,Gerasim,+447474182901,Я до 8ми минимум
09/01/2018,19:19:53,Gerasim,+447474182901,Пока доеду...
11/01/2018,17:45:34,Я,+447481972607,Как насчет 6 -30 ?
11/01/2018,17:54:19,Gerasim,+447474182901,Я вернусь в 9
11/01/2018,18:01:13,Я,+447481972607,Ок
23/01/2018,18:24:29,Я,+447481972607,На 6
23/01/2018,18:24:45,Gerasim,+447474182901,Ok
24/01/2018,14:34:35,Я,+447481972607,Ты как? Дома? У меня на 2 массаж
24/01/2018,14:59:04,Gerasim,+447474182901,Я в 9 вернусь
24/01/2018,14:59:06,Gerasim,+447474182901,Не раньше
25/01/2018,11:28:54,Gerasim,+447474182901,Держите в курсе массажей. Мне сегодня на работу надо будет переодеться
29/01/2018,18:55:49,Я,+447481972607,Сегодня в 7 ,: завтра в 5-45
29/01/2018,18:55:56,Я,+447481972607,Ок
29/01/2018,18:56:14,Gerasim,+447474182901,Ok
29/01/2018,18:56:25,Gerasim,+447474182901,До скольки сегодня?
29/01/2018,18:56:33,Я,+447481972607,До 8
29/01/2018,18:58:10,Gerasim,+447474182901,Ок
01/02/2018,19:43:34,Gerasim,+447474182901,Что там с массажами?
01/02/2018,19:44:37,Я,+447481972607,Ничего
01/02/2018,19:44:40,Я,+447481972607,Нету
02/02/2018,10:30:37,Я,+447481972607,Я могу взять на 4-30?
02/02/2018,11:14:05,Gerasim,+447474182901,Ага
02/02/2018,11:53:17,Я,+447481972607,Супер
02/02/2018,14:50:45,Я,+447481972607,Сразу потом еще один с 5:40 до 6:40. Тебе не надо будет передаваться или еще Чего?
02/02/2018,14:51:03,Gerasim,+447474182901,Я подготовлюсь
02/02/2018,14:51:29,Я,+447481972607,Ок
03/02/2018,10:51:57,Gerasim,+447474182901,Вы поедете с нами тусить в Гринвич вечером?
03/02/2018,11:04:17,Я,+447481972607,У меня клиенты с 6-30 до 8-30 , так что неее а хотелось бы..
05/02/2018,16:58:17,Я,+447481972607,Сегодня на 6 завтра 5-45, среда много 3 массажа уточни насколько вроде 1, 3 , 7
05/02/2018,18:22:31,Gerasim,+447474182901,Хорошо
05/02/2018,18:23:05,Gerasim,+447474182901,Понедельник -среда я до 8.30 тут на учебе
05/02/2018,18:41:11,Я,+447481972607,Успехов в учебе!!!
05/02/2018,18:42:18,Gerasim,+447474182901,Спасибо
07/02/2018,19:02:30,Я,+447481972607,На 6 сегодня и завтра
07/02/2018,19:03:03,Gerasim,+447474182901,Ok.
07/02/2018,19:03:17,Gerasim,+447474182901,Но не позже плииз
08/02/2018,18:03:41,Я,+447481972607,Отменила массажи, дескать т.е. перенесла на завтра
08/02/2018,18:04:00,Gerasim,+447474182901,Хорошо
12/02/2018,18:31:58,Я,+447481972607,На 5-30 И на 7
12/02/2018,18:52:56,Gerasim,+447474182901,Ok
12/02/2018,19:33:33,Gerasim,+447474182901,Вынесите пожалуйста ноут
13/02/2018,17:08:58,Я,+447481972607,5-15
13/02/2018,17:42:46,Gerasim,+447474182901,Ок
16/02/2018,16:33:57,Я,+447481972607,5
17/02/2018,16:35:14,Я,+447481972607,Опять в 5
17/02/2018,16:40:53,Gerasim,+447474182901,Ok
19/02/2018,17:56:57,Я,+447481972607,На 6 и на 7
19/02/2018,18:02:57,Gerasim,+447474182901,Ок
19/02/2018,18:03:07,Gerasim,+447474182901,Буду через 20мин
19/02/2018,18:03:13,Gerasim,+447474182901,Заберу хлам на полу
21/02/2018,14:51:53,Я,+447481972607,Если что на 2 до 3-30 И на 6 сегодня
21/02/2018,20:42:48,Gerasim,+447474182901,Не приеду сегодня
05/03/2018,17:29:15,Я,+447481972607,outgoing_call
05/03/2018,17:28:56,Gerasim,+447474182901,Я в библиотеке
05/03/2018,17:29:01,Gerasim,+447474182901,Не могу говорить
05/03/2018,17:29:32,Я,+447481972607,outgoing_call
05/03/2018,17:29:48,Я,+447481972607,Я видела твою коробку
05/03/2018,17:30:11,Я,+447481972607,По моему в ящик положила
15/03/2018,22:18:14,Gerasim,+447474182901,Забыл вам пока сказать!с днем рождения
15/03/2018,22:18:57,Я,+447481972607,Спасибо! Я все поняла! Спасибо что приехал!
08/04/2018,09:01:41,Я,+447481972607,Христос воскрес!
08/04/2018,09:43:21,Gerasim,+447474182901,Воистину воскрес!
29/04/2018,20:54:33,Я,+447481972607,Фото
29/04/2018,20:54:34,Я,+447481972607,Фото
29/04/2018,20:54:33,Я,+447481972607,Фото
29/04/2018,20:54:33,Я,+447481972607,Фото
29/04/2018,21:25:46,Gerasim,+447474182901,З - зависть
29/04/2018,21:36:51,Я,+447481972607,Фото
29/04/2018,21:36:53,Я,+447481972607,Фото
