﻿31/10/2017,22:23:59,unknown,+447454885582,Hi Natali how are you
01/11/2017,07:31:13,unknown,+447454885582,Стикер
01/11/2017,07:31:16,unknown,+447454885582,Стикер
02/11/2017,07:32:15,unknown,+447454885582,Good morning Natalia 🌺
02/11/2017,07:33:15,Я,+447481972607,Good morning
02/11/2017,07:33:39,unknown,+447454885582,How are you
02/11/2017,07:33:54,Я,+447481972607,Super
02/11/2017,07:34:14,unknown,+447454885582,Good to hear that X
02/11/2017,16:05:38,unknown,+447454885582,missed_call
03/11/2017,07:27:49,unknown,+447454885582,Стикер
03/11/2017,07:27:55,unknown,+447454885582,Фото
21/11/2017,07:33:35,unknown,+447454885582,Стикер
21/11/2017,07:33:36,unknown,+447454885582,Стикер
21/11/2017,07:33:38,unknown,+447454885582,Стикер
21/11/2017,07:33:39,unknown,+447454885582,Стикер
21/11/2017,07:33:40,unknown,+447454885582,Стикер
23/11/2017,07:18:00,unknown,+447454885582,Morning ☺️
24/11/2017,07:42:39,unknown,+447454885582,Стикер
24/11/2017,07:42:40,unknown,+447454885582,Стикер
24/11/2017,07:42:43,unknown,+447454885582,Стикер
24/11/2017,07:42:43,unknown,+447454885582,Стикер
24/11/2017,07:42:45,unknown,+447454885582,Стикер
30/11/2017,07:29:52,unknown,+447454885582,Стикер
30/11/2017,07:29:53,unknown,+447454885582,Стикер
30/11/2017,07:29:56,unknown,+447454885582,Стикер
19/01/2018,07:34:46,unknown,+447454885582,Стикер
19/01/2018,07:34:47,unknown,+447454885582,Стикер
19/01/2018,07:34:50,unknown,+447454885582,Стикер
21/01/2018,20:08:18,unknown,+447454885582,missed_call
21/01/2018,20:08:42,unknown,+447454885582,Hi 👋
25/01/2018,07:28:42,unknown,+447454885582,Фото
30/01/2018,16:07:54,unknown,+447454885582,Стикер
30/01/2018,16:07:55,unknown,+447454885582,Стикер
04/02/2018,21:19:28,unknown,+447454885582,incoming_call
04/02/2018,23:45:36,unknown,+447454885582,Стикер
05/02/2018,07:21:24,unknown,+447454885582,Good morning Natalia.and have a great day 🌺
05/02/2018,07:49:53,Я,+447481972607,Thanks! You too have nice day!
05/02/2018,11:26:46,unknown,+447454885582,Thanks 🙏
05/02/2018,11:27:06,unknown,+447454885582,And how was your morning going 😊
05/02/2018,20:53:41,unknown,+447454885582,Good evening Natalia how are you
05/02/2018,21:17:10,Я,+447481972607,Thanks;  I'm fine
05/02/2018,21:32:49,unknown,+447454885582,missed_call
05/02/2018,21:54:24,Я,+447481972607,Busy
05/02/2018,22:29:56,unknown,+447454885582,missed_call
05/02/2018,22:30:04,unknown,+447454885582,Okay
05/02/2018,22:30:41,unknown,+447454885582,And how  was your evening going sweetie
05/02/2018,22:36:21,unknown,+447454885582,Good night Natalia and sleept well x🌸
06/02/2018,07:12:51,unknown,+447454885582,Стикер
06/02/2018,07:12:53,unknown,+447454885582,Стикер
06/02/2018,07:13:28,unknown,+447454885582,And have a lovely day Natalia 🍒💋
06/02/2018,16:48:16,unknown,+447454885582,missed_call
06/02/2018,22:46:26,unknown,+447454885582,Good evening Natalia how are you
07/02/2018,07:28:39,unknown,+447454885582,Стикер
07/02/2018,07:28:46,unknown,+447454885582,Hi 👋
07/02/2018,07:29:03,unknown,+447454885582,Natalia I hope you sleept well 😘
08/02/2018,07:25:14,unknown,+447454885582,Good morning Natalia x
08/02/2018,23:38:57,unknown,+447454885582,missed_call
09/02/2018,07:26:47,unknown,+447454885582,Good morning Lovely 😊.i hope you sleept well.and I wish you have a great day 🌹💋🥤🥤🍒💋
09/02/2018,07:27:12,unknown,+447454885582,Фото
09/02/2018,23:10:24,unknown,+447454885582,missed_call
11/02/2018,23:08:45,unknown,+447454885582,missed_call
12/02/2018,15:58:21,unknown,+447454885582,missed_call
13/02/2018,07:22:03,unknown,+447454885582,Стикер
13/02/2018,07:22:05,unknown,+447454885582,Стикер
14/02/2018,07:28:29,unknown,+447454885582,Фото
14/02/2018,07:28:35,unknown,+447454885582,Стикер
14/02/2018,10:52:24,Я,+447481972607,Thanks
14/02/2018,12:29:13,unknown,+447454885582,missed_call
14/02/2018,12:29:39,unknown,+447454885582,Hi Natalia
14/02/2018,12:29:47,unknown,+447454885582,I hope you are well
14/02/2018,12:30:26,unknown,+447454885582,And if you can’t I will meet you in evening for dinner 🥘 or drinks 🥤
14/02/2018,21:55:50,unknown,+447454885582,missed_call
15/02/2018,07:10:30,unknown,+447454885582,Стикер
15/02/2018,07:10:33,unknown,+447454885582,Стикер
21/02/2018,20:32:31,unknown,+447454885582,missed_call
22/02/2018,07:22:24,unknown,+447454885582,Good morning Natalia
22/02/2018,07:22:32,unknown,+447454885582,🌺☕️
23/02/2018,07:30:04,unknown,+447454885582,Стикер
23/02/2018,07:30:04,unknown,+447454885582,Стикер
23/02/2018,07:30:08,unknown,+447454885582,Стикер
05/03/2018,07:28:39,unknown,+447454885582,Стикер
05/03/2018,07:28:42,unknown,+447454885582,Стикер
05/03/2018,07:29:03,unknown,+447454885582,Good morning Natalia how are you
06/03/2018,07:32:30,unknown,+447454885582,Стикер
06/03/2018,07:32:34,unknown,+447454885582,Стикер
08/03/2018,07:28:27,unknown,+447454885582,Стикер
08/03/2018,07:28:27,unknown,+447454885582,Стикер
08/03/2018,21:59:55,unknown,+447454885582,missed_call
10/03/2018,07:30:24,unknown,+447454885582,Фото
15/03/2018,07:22:21,unknown,+447454885582,Morning xx
16/03/2018,07:23:41,unknown,+447454885582,Стикер
16/03/2018,07:23:41,unknown,+447454885582,Стикер
16/03/2018,07:23:44,unknown,+447454885582,Стикер
19/03/2018,21:09:19,unknown,+447454885582,missed_call
26/03/2018,07:29:17,unknown,+447454885582,Стикер
26/03/2018,07:29:19,unknown,+447454885582,Стикер
26/03/2018,07:29:21,unknown,+447454885582,Стикер
05/04/2018,11:16:39,unknown,+447454885582,Стикер
05/04/2018,11:16:40,unknown,+447454885582,Стикер
05/04/2018,11:16:41,unknown,+447454885582,Стикер
