﻿22/07/2017,20:43:00,unknown,oxqWuAoNStlnWInKNrPzUeBHn8U=,
09/08/2017,17:09:22,unknown,oxqWuAoNStlnWInKNrPzUeBHn8U=,
13/08/2017,20:41:33,unknown,oxqWuAoNStlnWInKNrPzUeBHn8U=,
11/09/2017,18:07:12,unknown,oxqWuAoNStlnWInKNrPzUeBHn8U=,
25/09/2017,10:17:32,unknown,oxqWuAoNStlnWInKNrPzUeBHn8U=,
10/07/2017,15:24:14,unknown,null,Стикер
10/07/2017,15:24:36,unknown,null,Фото
10/07/2017,15:24:44,unknown,null,Are you ready?
10/07/2017,15:27:43,unknown,null,Стикер
10/07/2017,15:32:56,unknown,null,Фото
10/07/2017,15:34:27,unknown,null,Стикер
10/07/2017,15:34:29,unknown,null,Стикер
10/07/2017,15:34:29,unknown,null,Стикер
10/07/2017,15:35:12,unknown,null,download their crazy stickers by simply clicking on one of these stickers!
10/07/2017,15:35:14,unknown,null,Стикер
10/07/2017,15:35:15,unknown,null,Стикер
10/07/2017,15:36:11,unknown,null,And stay tuned with sneak-a-peak news and backstage photos that u can find here:
10/07/2017,15:36:24,unknown,null,[{"Type":""},{"Action":{"name":"openurl","parameters":{"type":"regular","external":"true","url":"http:\/\/Chats.viber.com\/sziget"}},"Type":"img","DisplayHeight":400,"DisplayWidth":400,"ImageUrl":"https:\/\/share.cdn.viber.com\/pg_download?id=0-04-01-12256ed76b85216386e41c3095104454d67ffeae8edc0801d4fed78de6315da4&filetype=jpg&type=icon"},{"Type":""},{"Type":""},{"Action":{"name":"openurl","parameters":{"type":"regular","external":"true","url":"http:\/\/Chats.viber.com\/sziget"}},"Type":"txt","Color":1470418,"Size":1,"Underline":"true","MaxLinesNumber":2,"Text":"Sziget - Island of Freedom","TextSpans":"no_sp"},{"Action":{"name":"openurl","parameters":{"type":"regular","external":"true","url":"http:\/\/Chats.viber.com\/sziget"}},"Type":"txt","Color":8553090,"Size":1,"Text":"Chats.viber.com","TextSpans":"no_sp"},{"Type":"info","PushText":"Chats.viber.com\/sziget","PreviewText":"Chats.viber.com\/sziget"}]
11/07/2017,14:38:56,unknown,5/qibe7axPgoZUEW6PPHTyMqwY8=,It's official! 💥
11/07/2017,14:39:22,unknown,5/qibe7axPgoZUEW6PPHTyMqwY8=,Viber is FC Barcelona's official communication channel ⚽️⚽️⚽️
11/07/2017,14:40:01,unknown,5/qibe7axPgoZUEW6PPHTyMqwY8=,Tap the sticker below to get the exclusive FREE FCB sticker pack & win a chance for a VIP trip to see the in Camp Nuo 🙌🏻
11/07/2017,14:40:04,unknown,5/qibe7axPgoZUEW6PPHTyMqwY8=,Стикер
11/07/2017,14:45:08,unknown,null,Стикер
11/07/2017,14:56:51,unknown,null,Стикер
20/07/2017,20:06:28,unknown,null,Hello from Moscow.
20/07/2017,20:06:43,unknown,null,Фото
20/07/2017,20:07:14,unknown,null,Our Svetlana won an FC Barcelona ball.
20/07/2017,20:07:26,unknown,null,Фото
20/07/2017,20:09:00,unknown,null,...and then she realized that the ball is signed by Messi, Neymar and Piqué.
20/07/2017,20:09:13,unknown,null,Фото
20/07/2017,20:09:15,unknown,null,Стикер
20/07/2017,20:09:52,unknown,H2yQOFYGQPbNrQUPxT3h8lC4yHY=,Стикер
22/07/2017,20:43:00,unknown,H2yQOFYGQPbNrQUPxT3h8lC4yHY=,
06/08/2017,14:25:34,unknown,CItFjc3SvnN+Z2BAkf23SA/AOGE=,Viber peeps, as you probably already know - we're kind of obsessed with cats. And since International Cat Day is coming soon, we decided to talk to Alon, our sticker team's creative manager, to pick his brain about LegCat - our favorite Viber cat.
06/08/2017,14:25:40,unknown,CItFjc3SvnN+Z2BAkf23SA/AOGE=,[{"Type":""},{"Action":{"name":"openurl","parameters":{"type":"regular","external":"true","url":"https:\/\/www.viber.com\/blog\/2017-08-06\/the-history-of-legcat\/"}},"Type":"img","DisplayHeight":538,"DisplayWidth":1024,"ImageUrl":"https:\/\/www.viber.com\/app\/uploads\/legcat_history_international_cat_day-1024x538.jpg"},{"Type":""},{"Type":""},{"Action":{"name":"openurl","parameters":{"type":"regular","external":"true","url":"https:\/\/www.viber.com\/blog\/2017-08-06\/the-history-of-legcat\/"}},"Type":"txt","Color":1470418,"Size":1,"Underline":"true","MaxLinesNumber":2,"Text":"The History of LegCat","TextSpans":"no_sp"},{"Action":{"name":"openurl","parameters":{"type":"regular","external":"true","url":"https:\/\/www.viber.com\/blog\/2017-08-06\/the-history-of-legcat\/"}},"Type":"txt","Color":8553090,"Size":1,"Text":"viber.com","TextSpans":"no_sp"},{"Type":"info","PushText":"https:\/\/www.viber.com\/blog\/2017-08-06\/the-history-of-legcat\/","PreviewText":"https:\/\/www.viber.com\/blog\/2017-08-06\/the-history-of-legcat\/"}]
06/08/2017,14:26:04,unknown,CItFjc3SvnN+Z2BAkf23SA/AOGE=,Enjoy :)
06/08/2017,14:26:21,unknown,CItFjc3SvnN+Z2BAkf23SA/AOGE=,Стикер
06/08/2017,14:36:23,unknown,r0jZy5eagbpZQ1h5l6oAu0hZR8Y=,Oh nice
08/08/2017,09:32:11,unknown,CItFjc3SvnN+Z2BAkf23SA/AOGE=,Фото
08/08/2017,09:33:05,unknown,null,Not. One. Bit.
08/08/2017,09:34:12,unknown,null,we've missed another striped girl.
08/08/2017,09:34:48,unknown,null,maybe it's an international stripes day? and I didn't know?
08/08/2017,09:52:20,unknown,CItFjc3SvnN+Z2BAkf23SA/AOGE=,It's actually international cat day :) And we're decorating our cat photos, too! I'll post some here, vote for your favorite!
08/08/2017,09:52:33,unknown,CItFjc3SvnN+Z2BAkf23SA/AOGE=,Фото
08/08/2017,09:52:37,unknown,CItFjc3SvnN+Z2BAkf23SA/AOGE=,Фото
08/08/2017,09:52:40,unknown,CItFjc3SvnN+Z2BAkf23SA/AOGE=,Фото
08/08/2017,09:52:44,unknown,CItFjc3SvnN+Z2BAkf23SA/AOGE=,Фото
08/08/2017,09:52:48,unknown,CItFjc3SvnN+Z2BAkf23SA/AOGE=,Фото
08/08/2017,09:53:02,unknown,CItFjc3SvnN+Z2BAkf23SA/AOGE=,^^ Give your favorite a tap on the heart next to it (purple_heart)
08/08/2017,12:00:36,unknown,r0jZy5eagbpZQ1h5l6oAu0hZR8Y=,Фото
09/08/2017,10:26:37,unknown,hk7+oe/eoeDieBbqEcJfAdPmFtE=,add/hk7+oe0#eoeDieBbqEcJfAdPmFtE=
09/08/2017,17:07:55,unknown,r0jZy5eagbpZQ1h5l6oAu0hZR8Y=,Фото
09/08/2017,17:08:16,unknown,CItFjc3SvnN+Z2BAkf23SA/AOGE=,Where is this??
09/08/2017,17:09:22,unknown,r0jZy5eagbpZQ1h5l6oAu0hZR8Y=,
09/08/2017,17:09:27,unknown,r0jZy5eagbpZQ1h5l6oAu0hZR8Y=,It's me at Gran Canaria last year (smiley) just found that treasure :D
09/08/2017,17:38:43,unknown,CItFjc3SvnN+Z2BAkf23SA/AOGE=,Awesome :)
09/08/2017,18:00:24,unknown,r0jZy5eagbpZQ1h5l6oAu0hZR8Y=,Thanks!
13/08/2017,20:41:33,unknown,5/qibe7axPgoZUEW6PPHTyMqwY8=,
18/08/2017,11:05:25,unknown,5/qibe7axPgoZUEW6PPHTyMqwY8=,Our deepest condolences to the city of Barcelona, its families and victims of the recent attacks. You're in our thoughts
18/08/2017,11:06:36,unknown,5/qibe7axPgoZUEW6PPHTyMqwY8=,Фото
31/08/2017,17:49:22,unknown,null,Фото
31/08/2017,20:45:19,unknown,null,Фото
31/08/2017,20:45:20,unknown,null,Фото
31/08/2017,20:45:23,unknown,null,Фото
31/08/2017,20:45:25,unknown,null,Фото
31/08/2017,20:45:25,unknown,null,Greetings from Barcelona!
31/08/2017,20:45:29,unknown,null,Фото
03/09/2017,10:51:51,unknown,CItFjc3SvnN+Z2BAkf23SA/AOGE=,add/CItFjc3SvnN+Z2BAkf23SA0#AOGE=
03/09/2017,10:52:26,unknown,5/qibe7axPgoZUEW6PPHTyMqwY8=,
04/09/2017,09:47:35,unknown,ODUNrTea4WHcjMNuaoGi9LylrAk=,add/ODUNrTea4WHcjMNuaoGi9LylrAk=
10/09/2017,23:05:40,unknown,null,[{"Action":{"name":"openurl","parameters":{"type":"regular","external":"true","url":"https:\/\/media1.giphy.com\/media\/26tjZk2UL5cWnbgTm\/giphy.gif"}},"Type":"txt","Color":3289650,"Size":2,"HighlightLinks":"true","HighlightEmoticons":"true","Text":"So happy the NFL is back! (purple_heart)(football) Life feels complete again \nhttps:\/\/media1.giphy.com\/media\/26tjZk2UL5cWnbgTm\/giphy.gif","TextSpans":"rO0ABXeAAAAAAQA6aHR0cHM6Ly9tZWRpYTEuZ2lwaHkuY29tL21lZGlhLzI2dGpaazJVTDVjV25iZ1RtL2dpcGh5LmdpZgAAAE4AAACIAAAAIQAAAAIADihwdXJwbGVfaGVhcnQpAAAAGgAAACgAAAACAAooZm9vdGJhbGwpAAAAKAAAADI"},{"Type":""},{"Type":""},{"Type":"gif","ThumbnailHeight":362,"ThumbnailWidth":480,"ThumbnailSizeInBytes":342143,"GifUrl":"https:\/\/media1.giphy.com\/media\/26tjZk2UL5cWnbgTm\/giphy.gif"},{"Type":""},{"Type":""},{"Type":"info","PushText":"So happy the NFL is back! (purple_heart)(football) Life feels complete again \nhttps:\/\/media1.giphy.com\/media\/26tjZk2UL5cWnbgTm\/giphy.gif","PreviewText":"https:\/\/media1.giphy.com\/media\/26tjZk2UL5cWnbgTm\/giphy.gif"}]
11/09/2017,15:53:36,unknown,5mwT9kHAUu4Y+qQsCgk8u629G4Q=,add/5mwT9kHAUu4Y+qQsCgk8u629G4Q=
11/09/2017,18:05:16,unknown,5mwT9kHAUu4Y+qQsCgk8u629G4Q=,Hello from Minsk! Tonight we have a cool event here to announce Viber partnership with Belarusian FC BATE
We've launched a sticker pack lately!!
11/09/2017,18:07:12,unknown,5mwT9kHAUu4Y+qQsCgk8u629G4Q=,
11/09/2017,18:07:17,unknown,null,Фото
11/09/2017,18:08:28,unknown,5mwT9kHAUu4Y+qQsCgk8u629G4Q=,Стикер
15/09/2017,13:43:27,unknown,5/qibe7axPgoZUEW6PPHTyMqwY8=,Стикер
15/09/2017,13:44:32,unknown,5/qibe7axPgoZUEW6PPHTyMqwY8=,Shakira just world premiered her new music video"Perro Fiel" on her official public chat >>> viber://public?id=shakira
16/09/2017,15:26:02,unknown,KegL4WctGk8HfHX+obsbkiaP0Qc=,add/KegL4WctGk8HfHX+obsbkiaP0Qc=
16/09/2017,15:32:25,unknown,KegL4WctGk8HfHX+obsbkiaP0Qc=,add/KegL4WctGk8HfHX+obsbkiaP0Qc=
16/09/2017,15:35:09,unknown,KegL4WctGk8HfHX+obsbkiaP0Qc=,Стикер
16/09/2017,15:35:13,unknown,KegL4WctGk8HfHX+obsbkiaP0Qc=,I just casted my vote for BarcaViber Man of the Match on FC Barcelona's official chatbot on Viber on today's game
16/09/2017,15:35:26,unknown,KegL4WctGk8HfHX+obsbkiaP0Qc=,My bet Barca will win 3-0 today, what's your game prediction? Vote now & win awesome prizes! >>> viber://pa/?chatURI=fcbarcelona
16/09/2017,18:26:32,unknown,5/qibe7axPgoZUEW6PPHTyMqwY8=,You were close Guy ... Barca did win but it was 2-1
16/09/2017,18:26:38,unknown,5/qibe7axPgoZUEW6PPHTyMqwY8=,Стикер
16/09/2017,18:28:10,unknown,5/qibe7axPgoZUEW6PPHTyMqwY8=,Фото
19/09/2017,10:36:33,unknown,null,Фото
19/09/2017,10:36:43,unknown,null,Tuesday in one of the Viber offices around the world 👌🏼👌🏼👌🏼❤️❤️❤️
19/09/2017,10:37:00,unknown,null,Стикер
19/09/2017,10:59:55,unknown,null,Фото
19/09/2017,11:36:29,unknown,null,Фото
19/09/2017,11:37:36,unknown,null,Congratulations!
25/09/2017,10:13:58,unknown,8911QJkv/axcG7DFn0aZzXntnx0=,add/8911QJkv0#axcG7DFn0aZzXntnx0=
25/09/2017,10:14:26,unknown,null,Hey Michal! Do you know what day it is today?
25/09/2017,10:16:05,unknown,8911QJkv/axcG7DFn0aZzXntnx0=,Стикер
25/09/2017,10:17:32,unknown,5/qibe7axPgoZUEW6PPHTyMqwY8=,
25/09/2017,10:18:04,unknown,null,It’s been two years since we first launched our delete messages feature and you won't believe how many users have used it since!
25/09/2017,10:18:30,unknown,8911QJkv/axcG7DFn0aZzXntnx0=,How many?????
25/09/2017,10:18:58,unknown,null,5 Billion! Ya, that's billion with a B!
25/09/2017,10:19:09,unknown,5/qibe7axPgoZUEW6PPHTyMqwY8=,[{"Type":""},{"Type":""},{"Type":""},{"Type":"gif","ThumbnailHeight":289,"ThumbnailWidth":550,"ThumbnailSizeInBytes":1429992,"GifUrl":"https:\/\/media1.giphy.com\/media\/aWPGuTlDqq2yc\/giphy.gif"},{"Type":""},{"Type":""},{"Type":"info","PushText":"https:\/\/media1.giphy.com\/media\/aWPGuTlDqq2yc\/giphy.gif","PreviewText":"https:\/\/media1.giphy.com\/media\/aWPGuTlDqq2yc\/giphy.gif"}]
25/09/2017,10:19:43,unknown,8911QJkv/axcG7DFn0aZzXntnx0=,Стикер
25/09/2017,10:19:49,unknown,null,[{"Action":{"name":"openurl","parameters":{"type":"regular","external":"true","url":"https:\/\/www.viber.com\/blog\/2017-09-25\/vibers-delete-messages-feature\/"}},"Type":"txt","Color":3289650,"Size":2,"HighlightLinks":"true","HighlightEmoticons":"true","Text":"Read all about it on the blog! - https:\/\/www.viber.com\/blog\/2017-09-25\/vibers-delete-messages-feature\/","TextSpans":"rO0ABXdXAAAAAQBFaHR0cHM6Ly93d3cudmliZXIuY29tL2Jsb2cvMjAxNy0wOS0yNS92aWJlcnMtZGVsZXRlLW1lc3NhZ2VzLWZlYXR1cmUvAAAAIQAAAGYAAAAh"},{"Action":{"name":"openurl","parameters":{"type":"regular","external":"true","url":"https:\/\/www.viber.com\/blog\/2017-09-25\/vibers-delete-messages-feature\/"}},"Type":"img","DisplayHeight":630,"DisplayWidth":1200,"ImageUrl":"https:\/\/www.viber.com\/app\/uploads\/delete-messages-viber-milestone.png"},{"Type":""},{"Type":""},{"Action":{"name":"openurl","parameters":{"type":"regular","external":"true","url":"https:\/\/www.viber.com\/blog\/2017-09-25\/vibers-delete-messages-feature\/"}},"Type":"txt","Color":1470418,"Size":1,"Underline":"true","MaxLinesNumber":2,"Text":"Viber’s Delete Messages Feature Hits 5 Billion Usage Milestone! | Viber","TextSpans":"no_sp"},{"Action":{"name":"openurl","parameters":{"type":"regular","external":"true","url":"https:\/\/www.viber.com\/blog\/2017-09-25\/vibers-delete-messages-feature\/"}},"Type":"txt","Color":8553090,"Size":1,"Text":"viber.com","TextSpans":"no_sp"},{"Type":"info","PushText":"Read all about it on the blog! - https:\/\/www.viber.com\/blog\/2017-09-25\/vibers-delete-messages-feature\/","PreviewText":"https:\/\/www.viber.com\/blog\/2017-09-25\/vibers-delete-messages-feature\/"}]
29/09/2017,06:41:04,unknown,ODUNrTea4WHcjMNuaoGi9LylrAk=,Hi (smiley) If you like tennis or manga,
check out this new sticker pack!! 
It's super fun and cute. 
It's a collaboration with Rakuten Japan Open Tennis Championship 2017! 
(The stickers are in Japanese)
29/09/2017,06:41:10,unknown,ODUNrTea4WHcjMNuaoGi9LylrAk=,Стикер
05/10/2017,12:05:31,unknown,B0n6EVD3V6kq2BWCzDGiV/UGu3A=,add/B0n6EVD3V6kq2BWCzDGiV0#UGu3A=
05/10/2017,12:06:15,unknown,d5mSksMpQntQS9LOq0h1cRsP1G8=,
07/12/2017,12:08:03,unknown,5/qibe7axPgoZUEW6PPHTyMqwY8=,
