﻿02/05/2018,14:29:32,Я,+447481972607,Фото
02/05/2018,14:29:32,Я,+447481972607,Фото
02/05/2018,14:29:32,Я,+447481972607,Фото
02/05/2018,14:29:32,Я,+447481972607,Фото
02/05/2018,14:29:17,Я,+447481972607,Фото
02/05/2018,14:29:17,Я,+447481972607,Фото
02/05/2018,14:29:11,Я,+447481972607,Фото
02/05/2018,14:29:11,Я,+447481972607,Фото
02/05/2018,14:29:11,Я,+447481972607,Фото
02/05/2018,14:28:56,Я,+447481972607,Фото
02/05/2018,14:28:56,Я,+447481972607,Фото
02/05/2018,14:28:56,Я,+447481972607,Фото
02/05/2018,14:28:56,Я,+447481972607,Фото
02/05/2018,14:28:56,Я,+447481972607,Фото
02/05/2018,14:28:56,Я,+447481972607,Фото
02/05/2018,14:28:56,Я,+447481972607,Фото
02/05/2018,14:28:56,Я,+447481972607,Фото
07/04/2018,00:15:04,unknown,+447731175768,Фото
07/04/2018,00:18:33,unknown,+447731175768,message_deleted/B3CEf1PdvK0=
07/04/2018,01:44:25,Я,+447481972607,Я так рада вас увидеть и побыть с вами, с Данулькой!!!!!!
07/04/2018,12:21:38,unknown,+447731175768,Привет, далеко от норхотла?
07/04/2018,12:29:44,Я,+447481972607,На Marylebone station
07/04/2018,12:29:59,Я,+447481972607,Поезд задержали
07/04/2018,12:30:01,unknown,+447731175768,Уже в курсе
07/04/2018,12:30:17,Я,+447481972607,Хорошо😉
08/04/2018,09:41:23,Я,+447481972607,Мы уже готовы . Когда пойдем?
08/04/2018,09:45:02,unknown,+447731175768,Проснулись 5мин выходим
08/04/2018,09:46:05,unknown,+447731175768,Какой у вас номер а то забыла
08/04/2018,09:46:23,Я,+447481972607,108
08/04/2018,10:45:35,unknown,+447731175768,Мы готовы , а вы?
08/04/2018,10:46:03,Я,+447481972607,10 мин
29/04/2018,20:53:13,Я,+447481972607,Встретились!!!
29/04/2018,20:53:03,Я,+447481972607,Фото
29/04/2018,22:01:52,unknown,+447731175768,Стикер
29/04/2018,22:02:26,unknown,+447731175768,Мальчишки смотрю все зажигают
29/04/2018,22:29:10,Я,+447481972607,Нет, Ден уже спит
29/04/2018,22:30:03,Я,+447481972607,Мы пришвартовались и пьем с Максом, а Деня отдыхает
29/04/2018,22:31:17,unknown,+447731175768,Это я уже поняла, ты смотри у него последнее время сердце борохлит от пьянок,там на кухне если что капли есть
29/04/2018,22:33:03,unknown,+447731175768,Мы с денисом вроде помирились как на долго не в курсе, но ты посмотри за ним , все-таки не молодой
29/04/2018,22:36:29,Я,+447481972607,Ок!
29/04/2018,22:38:24,Я,+447481972607,Хотя его не остановишь, но присмотреть можно . Не переживай, я остаюсь на завтра, взяла выходной и пить больше нечего:))
29/04/2018,22:39:17,unknown,+447731175768,Странно что пить не чего😁
29/04/2018,23:10:50,unknown,+447731175768,message_deleted/B3CEf1PdvK0=
30/04/2018,09:41:26,Я,+447481972607,Мы позавтракали и ждем пацаны подьедут. Володя и Русков
