﻿24/08/2017,07:58:57,Я,+447481972607,Привет! Когда с Макаром можно будет поговорить?
02/08/2017,13:53:18,Я,+447481972607,outgoing_call
02/08/2017,13:53:38,Я,+447481972607,Можем поговорить?
02/08/2017,14:22:21,Я,+447481972607,outgoing_call
02/08/2017,14:28:07,Александр,+380688367636,Я занят, что то важное, или дутые пузыри?
02/08/2017,14:29:15,Я,+447481972607,Мне важно и срочно
02/08/2017,14:29:34,Я,+447481972607,Но если очень занят то ладно
02/08/2017,14:30:04,Александр,+380688367636,Освобожусь наберу
02/08/2017,14:30:24,Я,+447481972607,Ок
02/08/2017,15:37:27,Александр,+380688367636,incoming_call
02/08/2017,18:56:05,Я,+447481972607,С 6 до семи занята плииз звони позже
03/08/2017,20:27:10,Я,+447481972607,[{"Type":""},{"Action":{"name":"openurl","parameters":{"type":"regular","external":"true","url":"https:\/\/goo.gl\/photos\/1Lbs3G49MFBkJQF5A"}},"Type":"img","DisplayHeight":400,"DisplayWidth":400,"ImageUrl":"https:\/\/ssl.gstatic.com\/images\/branding\/product\/2x\/photos_96dp.png"},{"Type":""},{"Type":""},{"Type":""},{"Action":{"name":"openurl","parameters":{"type":"regular","external":"true","url":"https:\/\/goo.gl\/photos\/1Lbs3G49MFBkJQF5A"}},"Type":"txt","Color":8553090,"Size":1,"Text":"goo.gl","TextSpans":"no_sp"},{"Type":"info","PushText":"https:\/\/goo.gl\/photos\/1Lbs3G49MFBkJQF5A","PreviewText":"https:\/\/goo.gl\/photos\/1Lbs3G49MFBkJQF5A"}]
03/08/2017,20:27:34,Я,+447481972607,Если хочешь посмотри как Макар отдыхал
04/08/2017,07:57:52,Я,+447481972607,Привет! Чем Макар занимается?
04/08/2017,07:58:50,Александр,+380688367636,Только встали, нас разбудили
04/08/2017,08:00:51,Я,+447481972607,Кто посмел?
04/08/2017,08:02:46,Александр,+380688367636,Лариса с Петровной
04/08/2017,10:12:43,Я,+447481972607,Что хотели?
04/08/2017,10:13:31,Александр,+380688367636,Накормить витаминами с дачи малого
04/08/2017,10:14:49,Я,+447481972607,Вообще то он и сам рано встает всегда в кого  то пошёл раннього
04/08/2017,10:17:02,Александр,+380688367636,Он два вечера с ребетней в хлам выгуливался, потом пока воду согреешь, его намоешь, поздно ложились
04/08/2017,13:26:11,Я,+447481972607,Пошел к ним?
04/08/2017,13:31:40,Александр,+380688367636,Ходил, кушал плохо-спека , почти как на Родине...
04/08/2017,19:31:30,Я,+447481972607,На какой? Из ...😂😂😂
05/08/2017,21:27:15,Я,+447481972607,message_deleted/TCL2KASFCms=
05/08/2017,21:27:33,Я,+447481972607,Как повеселились?
05/08/2017,21:29:56,Александр,+380688367636,Где?
05/08/2017,21:31:58,Я,+447481972607,В зоопарке
05/08/2017,21:33:50,Александр,+380688367636,Если знаешь где, полагаю знаешь как
05/08/2017,21:35:08,Я,+447481972607,Ну у каждого свое видение
05/08/2017,21:36:38,Александр,+380688367636,Дети довольны, усе для них
05/08/2017,21:41:09,Я,+447481972607,Молодцы придумываете им развлечения. Ирена смотрю тоже в настроении а я после ее этого выверта не могу успокоится
05/08/2017,21:42:49,Александр,+380688367636,Молодец Ирэна, вся инициатива ее, я так...
05/08/2017,21:46:01,Александр,+380688367636,Девочка спустилась на землю, это не мало..
05/08/2017,21:46:12,Я,+447481972607,И не переживает что не пошла на работу а я переживаю это было ее мечта детства теперь не знаю что она найдет и что ей будет до души
06/08/2017,08:52:07,Я,+447481972607,Доброго утра, джентльмены!
06/08/2017,08:53:05,Александр,+380688367636,Доброго, Макар у Ирэны
06/08/2017,08:59:21,Я,+447481972607,Ничего себе гастролирует парень
07/08/2017,19:26:20,Я,+447481972607,Чем Макар занимается?
07/08/2017,19:37:14,Александр,+380688367636,Компом
07/08/2017,19:45:57,Я,+447481972607,Погода испортилась?
07/08/2017,19:46:31,Я,+447481972607,Вези на дачу компом вся зима впереди заниматься
07/08/2017,19:51:16,Я,+447481972607,outgoing_call
07/08/2017,19:51:50,Александр,+380688367636,incoming_call
07/08/2017,19:52:59,Я,+447481972607,outgoing_call
07/08/2017,19:53:26,Я,+447481972607,Почему то связь плохая. Передай ему на добраничь
07/08/2017,19:53:38,Я,+447481972607,Плииз
07/08/2017,19:54:18,Александр,+380688367636,Шо добранич, позже позвоню
07/08/2017,19:54:46,Я,+447481972607,Ок через час
07/08/2017,19:57:43,Я,+447481972607,outgoing_call
07/08/2017,20:00:13,Александр,+380688367636,Я тебе одну вещь скажу: не стоит мне с Англии через Петровну рассказывать шо лучше моему сыну... Надеюсь на понимание
07/08/2017,20:03:13,Я,+447481972607,Не ищи подвоха там где его нет. Ничего я через Петровну не передавала. И Он и мой сын тоже
07/08/2017,20:06:32,Александр,+380688367636,Ты умная женщина, поэтому не надо обьяснять, что мама и папа главные у ребенка, потом остальные... Все решения относительно его наша прироготива
07/08/2017,20:07:16,Я,+447481972607,Согласна
07/08/2017,20:07:43,Александр,+380688367636,Шо ему лучше, нежели кому то шо то хочется...
07/08/2017,20:08:43,Я,+447481972607,Я просто спросила не лучше ли ему не дачу? И все без претензий. И они тоже скучают просто по человечески но если вам пока хочется побыть вместе то Ок, но проблем
07/08/2017,20:10:46,Александр,+380688367636,Наташ- открой глаза , Макар скучает по нам, а не то шо ты говоришь...
07/08/2017,20:11:16,Я,+447481972607,Знаю
08/08/2017,13:14:56,Я,+447481972607,Привет. Как дела? Чем занимаетесь?
08/08/2017,13:16:31,Александр,+380688367636,Хлопцы сходняк сообразили у деда, все по взрослому...
08/08/2017,16:30:46,Я,+447481972607,Время не теряют
08/08/2017,16:31:16,Я,+447481972607,Деду сходняки не мешают?
08/08/2017,16:32:05,Александр,+380688367636,Он там в законе... Все по понятиям!
08/08/2017,16:33:33,Я,+447481972607,А ты чего по фене заботал?
11/08/2017,07:55:48,Я,+447481972607,Доброго утра! Какие планы? Как Макар?
11/08/2017,07:58:21,Александр,+380688367636,Доброе, поедим по делам, все замечательно
12/08/2017,10:12:54,Я,+447481972607,Что там у моих пацанов нового?
12/08/2017,11:31:11,Александр,+380688367636,Кое что сделаем, да поедим купаться
12/08/2017,13:59:03,Я,+447481972607,Хорошо вам
12/08/2017,14:03:53,Александр,+380688367636,Фото
12/08/2017,16:29:07,Я,+447481972607,Как вас много
12/08/2017,16:30:37,Я,+447481972607,Иллюша выше Толи?
12/08/2017,16:33:12,Александр,+380688367636,Мало каши ще сьел..
12/08/2017,16:37:51,Я,+447481972607,Такая большая семья!!!
13/08/2017,09:15:45,Я,+447481972607,Ну что там наш поплавок накупался вчера? Сегодня как будете развлекаться?
13/08/2017,10:57:54,Александр,+380688367636,Поплавок в роддоме был, это уже морской котик... Пойдут с Димой до деда.. шо то сообразят с братанами
14/08/2017,09:33:01,Я,+447481972607,Домой  хоть вернулся или там и заночевал?
14/08/2017,11:23:24,Александр,+380688367636,Была такая перспектива...  домой забрал
14/08/2017,13:10:32,Я,+447481972607,Он там как себя ведет? Они деду голову не сносят? Столько пацанов в куче...
14/08/2017,13:47:53,Александр,+380688367636,Как ни странно, я деда давно таким жизненным не видел... Дай Бог, на душу ему родные пацаны!
22/08/2017,08:01:31,Я,+447481972607,Привет! Как Макарчик?
22/08/2017,10:15:07,Александр,+380688367636,Замечательно, привет
25/08/2017,07:49:01,Я,+447481972607,outgoing_call
31/08/2017,07:34:17,Я,+447481972607,Despacito Remix.mp3
31/08/2017,07:34:26,Я,+447481972607,Доброе утро!
31/08/2017,07:46:49,Александр,+380688367636,Доброе, малые у Ирэны
31/08/2017,07:47:36,Я,+447481972607,Хорошего дня и настроения!
31/08/2017,07:48:22,Александр,+380688367636,Спасибо, можем даже поделиться, кому надо
31/08/2017,07:48:59,Я,+447481972607,ВСЕМ надо!
31/08/2017,07:49:01,Я,+447481972607,Стикер
31/08/2017,08:42:56,Я,+447481972607,Видео
01/09/2017,10:04:30,Я,+447481972607,Привет! Что за планы на сегодня?
01/09/2017,10:13:27,Александр,+380688367636,Привет, я занят, Макар пока дома, после обеда наверно пойдет а семью
02/09/2017,07:53:14,Я,+447481972607,outgoing_call
03/09/2017,17:50:46,Александр,+380688367636,incoming_call
03/09/2017,17:52:17,Я,+447481972607,outgoing_call
03/09/2017,17:59:11,Александр,+380688367636,Ты Ларисе говорила, что Макар будет со мной?
03/09/2017,18:00:28,Я,+447481972607,Мы с ней не говорили давно может месяц
03/09/2017,18:01:30,Я,+447481972607,outgoing_call
03/09/2017,18:03:57,Александр,+380688367636,Надо ей напомнить, с кем должен жить и рости ребенок... В ее понятии каникулы кончились, Макару надо перебираться жить к ней... Не дай Бог видеть этих слез Макара
03/09/2017,18:07:26,Я,+447481972607,outgoing_call
03/09/2017,18:08:15,Александр,+380688367636,incoming_call
03/09/2017,18:09:37,Я,+447481972607,outgoing_call
03/09/2017,18:10:02,Александр,+380688367636,incoming_call
03/09/2017,18:11:18,Я,+447481972607,outgoing_call
03/09/2017,18:18:17,Александр,+380688367636,Просто позвони и скажи что Макар будет со мной, не желаю ни чего выяснять с ними...
03/09/2017,18:36:09,Александр,+380688367636,Не понравился ему ремикс на ангийском, пошел в машину оригинал слушать!
03/09/2017,19:31:33,Александр,+380688367636,missed_call
03/09/2017,19:44:19,Александр,+380688367636,Ты поговорила с Ларисой?
03/09/2017,19:48:42,Я,+447481972607,outgoing_call
03/09/2017,19:49:50,Я,+447481972607,outgoing_call
03/09/2017,19:49:47,Александр,+380688367636,Слушай, нет сегодня связи... Мне надо чтобы ты расставила сама все точки с ними и сегодня... Напиши потом...
04/09/2017,16:33:14,Я,+447481972607,outgoing_call
04/09/2017,16:33:24,Александр,+380688367636,incoming_call
04/09/2017,17:01:33,Я,+447481972607,outgoing_call
05/09/2017,07:55:05,Я,+447481972607,outgoing_call
05/09/2017,07:55:25,Я,+447481972607,Можешь Макару установить Вайбер?
05/09/2017,07:56:03,Александр,+380688367636,incoming_call
05/09/2017,07:56:53,Я,+447481972607,outgoing_call
05/09/2017,07:56:48,Александр,+380688367636,Буду вечером звонить
05/09/2017,19:49:48,Александр,+380688367636,missed_call
06/09/2017,07:48:01,Я,+447481972607,outgoing_call
06/09/2017,18:10:42,Я,+447481972607,Заняты?
06/09/2017,18:11:51,Александр,+380688367636,Все мужики у деда на чердаке...
06/09/2017,18:12:15,Я,+447481972607,Чё вы там забыли?
06/09/2017,18:13:25,Александр,+380688367636,Инспекционная оценка состояния кровли... У деда манечка- крыша завалиться, бо стара
06/09/2017,18:13:59,Я,+447481972607,Да да укрепите её пожалуйста
06/09/2017,18:15:24,Я,+447481972607,Пусть Толя на Макаров телефон установит Вайбер
06/09/2017,18:15:32,Александр,+380688367636,Мне бы кто ее укрепил, дед краще торнадо ее срывает(yummi)
06/09/2017,18:15:48,Я,+447481972607,Стикер
06/09/2017,18:17:10,Александр,+380688367636,Да, говорил ему за это... Он советует ему лучше с планшетом заниматься
06/09/2017,18:18:06,Я,+447481972607,Я не прошу совета я прошу уже который год аацюер ему установить что б я с ним переписывалась
06/09/2017,18:18:12,Я,+447481972607,Стикер
06/09/2017,18:19:13,Александр,+380688367636,Нема пытаний, може сегодня зайдем
06/09/2017,18:20:05,Я,+447481972607,Стикер
07/09/2017,07:36:16,Я,+447481972607,[{"Type":""},{"Type":""},{"Action":{"name":"openurl","parameters":{"type":"regular","external":"true","url":"https:\/\/www.youtube.com\/watch?v=CEQuDyuQFKE"}},"Type":"vdo","ThumbnailHeight":360,"ThumbnailWidth":480,"ThumbnailUrl":"https:\/\/i.ytimg.com\/vi\/CEQuDyuQFKE\/hqdefault.jpg"},{"Type":""},{"Action":{"name":"openurl","parameters":{"type":"regular","external":"true","url":"https:\/\/www.youtube.com\/watch?v=CEQuDyuQFKE"}},"Type":"txt","Color":1470418,"Size":1,"Underline":"true","MaxLinesNumber":2,"Text":"cockatoo loves elvis","TextSpans":"no_sp"},{"Action":{"name":"openurl","parameters":{"type":"regular","external":"true","url":"https:\/\/www.youtube.com\/watch?v=CEQuDyuQFKE"}},"Type":"txt","Color":8553090,"Size":1,"Text":"youtube.com","TextSpans":"no_sp"},{"Type":"info","PushText":"https:\/\/www.youtube.com\/watch?v=CEQuDyuQFKE","PreviewText":"https:\/\/www.youtube.com\/watch?v=CEQuDyuQFKE"}]
07/09/2017,07:36:30,Я,+447481972607,Доброе утро!
07/09/2017,08:09:10,Александр,+380688367636,Взаимно! И
16/09/2017,10:15:52,Я,+447481972607,Как вы там?
16/09/2017,10:16:57,Александр,+380688367636,Звони Макару, разговаривай
16/09/2017,10:18:15,Я,+447481972607,Ок
30/09/2017,10:08:08,Я,+447481972607,Видео
30/09/2017,10:08:33,Я,+447481972607,Благодарю что водишь
30/09/2017,10:11:02,Александр,+380688367636,Ты с головой то подружись... Это мой сын, а я не платная фрокен бок(yummi)
30/09/2017,10:58:39,Я,+447481972607,Будет время попробую подружиться😆
07/10/2017,12:10:09,Александр,+380688367636,Храни тебя Господь!   Обидно мне стало за тебя....
07/10/2017,15:28:01,Я,+447481972607,Все будет хорошо! Спасибо!
10/10/2017,14:12:26,Я,+447481972607,Насколько быстро нужно купить теплые вещи?
10/10/2017,14:13:04,Я,+447481972607,Перевозчики будут в это воскресенье( но я не готова пока) и потом через 2 недели
10/10/2017,14:13:13,Я,+447481972607,Сильно похолодало?
10/10/2017,14:15:07,Александр,+380688367636,Собирай потихоньку на следующую ходку, все ок
23/10/2017,15:09:21,Александр,+380688367636,Привет, как успехи с новой деятельностью?
23/10/2017,16:32:06,Я,+447481972607,Привет! С какой? Ресничками? Никак пока и не начинала
23/10/2017,16:33:27,Александр,+380688367636,Шо тянешь?
23/10/2017,16:34:14,Я,+447481972607,Занята.Работаю,учусь
23/10/2017,16:34:51,Я,+447481972607,Принадлежности для работы у Ирены . Их прислали когда я уехала
23/10/2017,16:35:03,Я,+447481972607,Пусть она попробует заняться
23/10/2017,16:35:43,Александр,+380688367636,Ну у тебя там реально все с этим выйдет?
23/10/2017,16:36:00,Я,+447481972607,Запросто
23/10/2017,16:36:21,Я,+447481972607,Давай объявление и дети сколько сможешь
23/10/2017,16:36:34,Я,+447481972607,В вот салон открыть потруднен
23/10/2017,16:36:51,Я,+447481972607,Все как у нас. Санитария и  т д
23/10/2017,16:37:21,Александр,+380688367636,Ну тода вызывай нас с Макаром и вопроса по нему нема..
23/10/2017,16:38:16,Я,+447481972607,Вопрос по твоим документам
23/10/2017,16:40:51,Александр,+380688367636,Конкрктно какие?
23/10/2017,16:41:16,Я,+447481972607,Паспорт
23/10/2017,16:41:48,Александр,+380688367636,Загран паспорт и все..
23/10/2017,16:42:48,Я,+447481972607,НУ делай визу для нее вызова не нужно
23/10/2017,16:53:12,Александр,+380688367636,Для кого визу не надо?
23/10/2017,16:53:49,Я,+447481972607,Для Макара не надо
23/10/2017,16:54:05,Я,+447481972607,Визу
23/10/2017,16:54:23,Александр,+380688367636,А у Днеиса мона будет работать?
23/10/2017,16:54:34,Я,+447481972607,Наверное
23/10/2017,16:55:05,Александр,+380688367636,Добре, ехал я во львів
23/10/2017,16:55:31,Я,+447481972607,Удачи
23/10/2017,16:55:45,Я,+447481972607,Макар с кем?
23/10/2017,16:56:29,Александр,+380688367636,Бллагодарю!   Макар всегда со мной, сегодня плотний день бил
23/10/2017,16:57:13,Я,+447481972607,Во Львов тоже с тобой?
23/10/2017,16:58:11,Александр,+380688367636,Нет наверно... Далеко , очереди.. Ему хорошо в садочке
23/10/2017,16:58:47,Я,+447481972607,Разумно
04/11/2017,14:49:25,Александр,+380688367636,Спасибо за подарок, с чего такой порыв..
04/11/2017,16:39:45,Я,+447481972607,На здоровье. Я бы и раньше передавала , но ты же не брал
04/11/2017,16:40:28,Я,+447481972607,Спа ибо что не отказался взять. Это что бы вы с Макаром смотрелись лучше вместе
04/11/2017,16:44:09,Я,+447481972607,И чего то поярче захотелось на тебе увидеть
04/11/2017,16:56:37,Александр,+380688367636,Еще раз благодарю
30/11/2017,22:49:44,Я,+447481972607,[{"Type":""},{"Type":""},{"Action":{"name":"openurl","parameters":{"type":"regular","external":"true","url":"https:\/\/youtu.be\/zLpPmzmkyKQ"}},"Type":"vdo","ThumbnailHeight":225,"ThumbnailWidth":400,"ThumbnailUrl":"https:\/\/i.ytimg.com\/vi\/zLpPmzmkyKQ\/hqdefault.jpg"},{"Type":""},{"Action":{"name":"openurl","parameters":{"type":"regular","external":"true","url":"https:\/\/youtu.be\/zLpPmzmkyKQ"}},"Type":"txt","Color":1470418,"Size":1,"Underline":"true","MaxLinesNumber":2,"Text":"Fifty Shades Freed(2018) - Grey Family","TextSpans":"no_sp"},{"Action":{"name":"openurl","parameters":{"type":"regular","external":"true","url":"https:\/\/youtu.be\/zLpPmzmkyKQ"}},"Type":"txt","Color":8553090,"Size":1,"Text":"youtu.be","TextSpans":"no_sp"},{"Type":"info","PushText":"https:\/\/youtu.be\/zLpPmzmkyKQ","PreviewText":"https:\/\/youtu.be\/zLpPmzmkyKQ"}]
01/12/2017,06:16:39,Александр,+380688367636,Спасибо, у нас есть в машине эта композиция, только другой исполнитель..
Отрываемся с Макаром!)
01/12/2017,17:27:30,Я,+447481972607,Крутые вы!!
06/12/2017,10:46:28,Я,+447481972607,Как вы там?
06/12/2017,10:46:36,Я,+447481972607,Не мерзнете?
07/12/2017,08:44:45,Александр,+380688367636,Все хорошо
07/12/2017,14:05:22,Я,+447481972607,Надо поговорить насчет поступления Макара в школу Надии там в феврале прослушивание так на него надо еще заранее записаться. Ты можешь сходить/ позвонить?
07/12/2017,20:27:45,Александр,+380688367636,Ирена говорит фуфел эта школа
07/12/2017,22:40:49,Я,+447481972607,На чем основано мнение?
07/12/2017,22:41:53,Александр,+380688367636,С Иреной поговори..
07/12/2017,22:41:59,Я,+447481972607,Моих двоих знакомых дети после этой школы уехали в Америку. И один сидит в СБУ в аппарате президента а дочка в Ровно в этот лицей ходит
07/12/2017,22:42:23,Я,+447481972607,Говорила, она как бараниесли упрется то не переспоришь
07/12/2017,22:43:02,Я,+447481972607,А на самом деле мне кажется просто водить далеко она хочет что б возле Диминой школы в лицей ходил
07/12/2017,22:43:15,Александр,+380688367636,Ты же его забрать хочешь, какие школы ?
07/12/2017,22:44:22,Я,+447481972607,В школе Надии 20 лет опыта работы и американская система подготовки и они там без конца заграницу ездят . А про тот лицей я ничего не знаю ему от роду 3 года
07/12/2017,22:45:13,Я,+447481972607,Когда смогу заберу а пока пусть готовится к лицею.
07/12/2017,22:46:10,Я,+447481972607,Я не знаю как дальше будет. Может после Брекзита всех отсюда выпрут кто прожил меньше 5ти лет. Так говорят
07/12/2017,22:46:29,Александр,+380688367636,До хрена вас командиров..
07/12/2017,22:47:00,Я,+447481972607,Поговорили
07/12/2017,22:47:22,Александр,+380688367636,Та да, это жизнь..
07/12/2017,22:48:20,Александр,+380688367636,Может кто то мое мнение знать хочет, или мне тока трусы стирать?!
07/12/2017,23:02:33,Александр,+380688367636,
07/12/2017,23:02:33,Александр,+380688367636,
07/12/2017,23:03:03,Я,+447481972607,Ну так вы если что сходите на собеседование. Для этого он и ходил к Лике что б его пройти  . Там еще не всех берут. Ирену когда-то не взяли может она поэтому в обидках
08/04/2018,09:02:10,Я,+447481972607,Христос воскрес!
08/04/2018,10:10:25,Александр,+380688367636,Во истину воскрес!
09/05/2018,19:11:49,Александр,+380688367636,Привет, пара вопросов..
Договорись с родственниками, заберут они его на лето, может и потом какое то время?
И еще..
По посылкам для Макара я разговариваю только с Иреной!
Пусть по шмоткам даже не заикаются, в сраку все засуну.. Нервов моих больше нет в это гнили разбираться!!!!
15/05/2018,09:15:59,Я,+447481972607,Они возьмут Макара. Скажи когда
