﻿28/09/2017,18:35:11,Василий Чичук,+380631674941,привіт, в мене телефон накрився(
28/09/2017,18:36:01,Василий Чичук,+380631674941,думала може  хресну свету повать на дн
28/09/2017,18:36:16,Я,+447481972607,Не
28/09/2017,18:36:19,Василий Чичук,+380631674941,вона якраз приіхала
28/09/2017,18:36:25,Я,+447481972607,Я не готова к ней
28/09/2017,18:36:34,Василий Чичук,+380631674941,ок
28/09/2017,18:36:37,Я,+447481972607,Ей надо много внимания
28/09/2017,18:37:08,Василий Чичук,+380631674941,ти шо там?
28/09/2017,18:37:31,Я,+447481972607,Еду на учебу
28/09/2017,18:37:35,Я,+447481972607,Все бегом
28/09/2017,18:37:43,Я,+447481972607,Сегодня экзамен
28/09/2017,18:38:01,Василий Чичук,+380631674941,ооо то удачі
28/09/2017,18:38:01,Я,+447481972607,Готовилась прям и сейчас больше не было времени
28/09/2017,18:38:46,Я,+447481972607,Спасибо, пригодиться удача)
28/09/2017,18:39:09,Я,+447481972607,Может тебе телефон лучше подарить?
28/09/2017,18:39:25,Василий Чичук,+380631674941,ну як не учідачя не помішає
28/09/2017,18:39:47,Я,+447481972607,Учидача это что?
28/09/2017,18:39:51,Василий Чичук,+380631674941,не не лутше
28/09/2017,18:40:08,Я,+447481972607,А как звонить будешь?
28/09/2017,18:40:24,Василий Чичук,+380631674941,в мене старий є
28/09/2017,18:40:31,Я,+447481972607,Такой как у меня?
28/09/2017,18:40:37,Я,+447481972607,Решайся
28/09/2017,18:40:51,Василий Чичук,+380631674941,та неее
28/09/2017,18:40:58,Я,+447481972607,Глупая
28/09/2017,18:41:16,Я,+447481972607,Он стоит полштуки
28/09/2017,18:41:30,Я,+447481972607,Хоть в космос лети с ним
28/09/2017,18:41:35,Я,+447481972607,Все делает
28/09/2017,18:41:41,Василий Чичук,+380631674941,))))
28/09/2017,18:42:00,Василий Чичук,+380631674941,тількі не стриляє)))
28/09/2017,18:42:17,Я,+447481972607,Это и хорошо что не среляет
28/09/2017,18:43:12,Василий Чичук,+380631674941,та  може може включиться, в нього таке буває
28/09/2017,18:43:31,Василий Чичук,+380631674941,от діма то свій втопив
28/09/2017,18:43:54,Я,+447481972607,Ну вы даете
28/09/2017,18:44:04,Василий Чичук,+380631674941,даааа
28/09/2017,18:44:08,Я,+447481972607,Не накупляешься на вас
28/09/2017,18:44:15,Василий Чичук,+380631674941,нуууу
28/09/2017,18:45:11,Василий Чичук,+380631674941,та я через то і не хочу дорогий він в мене вечно падає, стукається і т д
28/09/2017,18:45:31,Василий Чичук,+380631674941,шоб серце кровю обливалось
28/09/2017,18:45:38,Василий Чичук,+380631674941,кожен раз
28/09/2017,18:45:51,Василий Чичук,+380631674941,вони такі хрупкі
28/09/2017,18:46:24,Я,+447481972607,Фото
28/09/2017,18:46:38,Я,+447481972607,Для Димы фото
28/09/2017,18:46:57,Василий Чичук,+380631674941,дааа він сразу оценив
28/09/2017,18:47:05,Василий Чичук,+380631674941,понравилось
28/09/2017,18:51:32,Я,+447481972607,Запиши меня на брови и ресницы
28/09/2017,18:51:56,Я,+447481972607,Ресницы во вторник
28/09/2017,18:52:06,Я,+447481972607,А брови после др
28/09/2017,18:52:08,Василий Чичук,+380631674941,а брові
28/09/2017,18:52:12,Василий Чичук,+380631674941,ок
28/09/2017,18:52:19,Я,+447481972607,Все я уже пришла
28/09/2017,18:52:28,Василий Чичук,+380631674941,лвдно
28/09/2017,18:52:33,Василий Чичук,+380631674941,удачі
28/09/2017,18:52:33,Я,+447481972607,Держите кулаки
09/10/2017,20:50:26,Василий Чичук,+380631674941,Привіт
09/10/2017,20:50:36,Василий Чичук,+380631674941,В мене сьогодні банний день
09/10/2017,20:50:48,Василий Чичук,+380631674941,Фото
09/10/2017,20:51:07,Василий Чичук,+380631674941,Це триндец
09/10/2017,20:51:13,Василий Чичук,+380631674941,А ти шо там?
09/10/2017,21:24:28,Я,+447481972607,И как впечатление?
12/01/2018,18:02:02,Я,+447481972607,Фото
12/01/2018,18:02:10,Я,+447481972607,Така?
14/01/2018,08:07:58,Я,+447481972607,В1таю с днем народження! Бажаю бути сильным, терплячим, надийним для семьи и счастливым !!
14/01/2018,10:54:38,Василий Чичук,+380631674941,Дякую!!!
14/01/2018,18:36:54,Я,+447481972607,outgoing_call
30/01/2018,16:39:50,Я,+447481972607,Фото
30/01/2018,16:40:19,Я,+447481972607,Раз уж тебе поле понравилось еще сфоткаю
30/01/2018,17:02:45,Василий Чичук,+380631674941,О спс
30/01/2018,17:05:23,Василий Чичук,+380631674941,Красиво!:)даже чайки на нем или голуби!
30/01/2018,17:50:04,Я,+447481972607,Чайки и гуси иногда дикие
10/02/2018,21:38:29,Василий Чичук,+380631674941,missed_call
11/03/2018,08:34:03,Я,+447481972607,outgoing_call
15/03/2018,11:43:03,Василий Чичук,+380631674941,Вітаю Вас з днем народження! Хочеться побажати Вам побільше яскравих емоцій і незабутніх вражень. Щоб паморочилося в голові від любові, а земля йшла з під ніг від щастя. Щоб завжди зігрівали теплі слова близьких і рідних. Побільше в житті посмішок і позитиву. Живи, мрій, люби, світися, насолоджуйся, дивуйся.
15/03/2018,13:58:02,Я,+447481972607,Дуже гарне прив1тання! Щиро дякую!
15/03/2018,14:27:59,Василий Чичук,+380631674941,Будь ласка!сам придумав!))))))
15/03/2018,17:03:27,Я,+447481972607,Вау! То ти поэт
15/03/2018,20:07:25,Василий Чичук,+380631674941,Для вас постарався!
15/03/2018,21:59:52,Я,+447481972607,Дуже дуже приемно, Вася!
23/03/2018,00:58:32,Я,+447481972607,Вітаю Вас з днем народження! Хочеться побажати Вам побільше яскравих емоцій і незабутніх вражень. Щоб паморочилося в голові від любові, а земля йшла з під ніг від щастя. Щоб завжди зігрівали теплі слова близьких і рідних. Побільше в житті посмішок і позитиву. Живи, мрій, люби, світися, насолоджуйся, дивуйся.
23/03/2018,00:58:40,Я,+447481972607,Это Васино
24/03/2018,13:34:43,Я,+447481972607,Фото
24/03/2018,13:34:43,Я,+447481972607,Фото
24/03/2018,13:34:43,Я,+447481972607,Фото
24/03/2018,13:34:43,Я,+447481972607,Фото
24/03/2018,13:34:43,Я,+447481972607,Фото
24/03/2018,13:34:43,Я,+447481972607,Фото
24/03/2018,13:34:43,Я,+447481972607,Фото
24/03/2018,13:34:43,Я,+447481972607,Фото
24/03/2018,13:34:43,Я,+447481972607,Фото
24/03/2018,13:35:47,Я,+447481972607,Фото
24/03/2018,13:35:47,Я,+447481972607,Фото
24/03/2018,13:35:47,Я,+447481972607,Фото
24/03/2018,13:35:47,Я,+447481972607,Фото
24/03/2018,13:35:47,Я,+447481972607,Фото
24/03/2018,13:35:47,Я,+447481972607,Фото
24/03/2018,13:35:47,Я,+447481972607,Фото
24/03/2018,13:35:47,Я,+447481972607,Фото
24/03/2018,15:31:22,Василий Чичук,+380631674941,Дуже класно!Ми за вас тут всі дуже раді!:)
24/03/2018,15:31:25,Василий Чичук,+380631674941,Стикер
08/04/2018,09:01:24,Я,+447481972607,Христос воскрес!
08/04/2018,09:52:31,Василий Чичук,+380631674941,Воістину Воскрес!
16/04/2018,19:35:38,Василий Чичук,+380631674941,missed_call
29/04/2018,20:53:49,Я,+447481972607,Фото
29/04/2018,20:53:49,Я,+447481972607,Фото
29/04/2018,20:53:22,Я,+447481972607,Фото
29/04/2018,20:53:49,Я,+447481972607,Фото
29/04/2018,20:53:49,Я,+447481972607,Фото
03/05/2018,18:29:15,Я,+447481972607,Фото
03/05/2018,18:29:18,Я,+447481972607,Фото
03/05/2018,19:53:37,Василий Чичук,+380631674941,Круто!!!
03/05/2018,21:08:23,Я,+447481972607,Фото
03/05/2018,21:08:23,Я,+447481972607,Фото
03/05/2018,21:08:23,Я,+447481972607,Фото
03/05/2018,21:08:23,Я,+447481972607,Фото
03/05/2018,21:08:23,Я,+447481972607,Фото
03/05/2018,21:08:23,Я,+447481972607,Фото
03/05/2018,21:08:23,Я,+447481972607,Фото
03/05/2018,21:08:23,Я,+447481972607,Фото
03/05/2018,21:08:42,Я,+447481972607,Фото
03/05/2018,21:08:42,Я,+447481972607,Фото
03/05/2018,21:08:42,Я,+447481972607,Фото
03/05/2018,21:08:42,Я,+447481972607,Фото
03/05/2018,21:08:42,Я,+447481972607,Фото
03/05/2018,21:08:42,Я,+447481972607,Фото
03/05/2018,21:08:42,Я,+447481972607,Фото
03/05/2018,21:08:42,Я,+447481972607,Фото
05/05/2018,10:14:22,Я,+447481972607,outgoing_call
