﻿07/02/2018,12:43:13,Георгий,+447563913127,Сега видях снимката ти на Viber ... много си чаровна и красива ..!
07/02/2018,15:25:58,Я,+447481972607,Благодаря
08/02/2018,11:05:17,Георгий,+447563913127,Натали, ще ми позволиш ли да ти направя масаж някой ден, така както аз го умея  ... ?!
08/02/2018,18:04:04,Я,+447481972607,Это не профессионально будет.
08/02/2018,20:54:00,Георгий,+447563913127,Да, така е ... но ще е от сърце ...
08/02/2018,21:00:32,Георгий,+447563913127,... а и не е нужно човек непременно да е професионалист за да е в състояние да отдава положителна енергия ....
08/02/2018,21:03:55,Георгий,+447563913127,... и малко доза усмивка и любов ...
08/02/2018,21:53:35,Я,+447481972607,СПАСИБО за предложение, но не нужно
08/02/2018,21:54:47,Георгий,+447563913127,Помисли ... не е нужно да ми отговаряш веднага ...
12/02/2018,18:09:50,Я,+447481972607,Если вы сегодня придете то в 7 я свободна
12/02/2018,18:11:20,Георгий,+447563913127,Ок Натали...в 7 буду у вас ...
13/02/2018,07:31:08,Георгий,+447563913127,missed_call
13/02/2018,07:31:23,Я,+447481972607,outgoing_call
13/02/2018,07:36:08,Георгий,+447563913127,missed_call
13/02/2018,07:37:09,Я,+447481972607,outgoing_call
19/02/2018,17:51:19,Я,+447481972607,Мы можем начать чуть раньше , в 5-30?
19/02/2018,17:56:46,Георгий,+447563913127,missed_call
19/02/2018,17:54:49,Я,+447481972607,outgoing_call
19/02/2018,17:55:13,Георгий,+447563913127,incoming_call
19/02/2018,17:56:31,Я,+447481972607,Я услышала, Спасибо! Даже можно в 7-10 приехать, потому что попросили с 6 до 7
19/02/2018,18:59:01,Георгий,+447563913127,Ок Натали ...
19/02/2018,20:09:30,Георгий,+447563913127,Свободно ли ..?
19/02/2018,20:10:00,Я,+447481972607,7минут
19/02/2018,21:33:07,Я,+447481972607,outgoing_call
20/02/2018,14:47:04,Георгий,+447563913127,Натали, сколько стоит масажний курс ..?
20/02/2018,16:32:32,Я,+447481972607,Мом курсы где я училась? 3 500
20/02/2018,17:40:08,Георгий,+447563913127,Ок...благодаря ти ...
26/02/2018,19:16:52,Георгий,+447563913127,В 7.00 ч буду при тебя ... Ок ?
26/02/2018,19:17:17,Я,+447481972607,Ok
26/02/2018,19:18:15,Георгий,+447563913127,Стикер
26/02/2018,19:18:26,Георгий,+447563913127,Стикер
26/02/2018,19:18:31,Георгий,+447563913127,Стикер
26/02/2018,21:57:45,Георгий,+447563913127,Ти си единствената ми хубава емоция тук, в Англия ... Благодаря ти Натали !
26/02/2018,21:58:18,Георгий,+447563913127,Стикер
26/02/2018,21:58:51,Я,+447481972607,Стикер
01/03/2018,10:00:50,Георгий,+447563913127,Стикер
01/03/2018,10:00:54,Георгий,+447563913127,Стикер
01/03/2018,10:01:22,Георгий,+447563913127,Стикер
03/03/2018,12:21:26,Георгий,+447563913127,Здравей Натали . Не мога да те видя тия дни ... Ще имам ли масаж в понеделник ?
03/03/2018,12:21:56,Я,+447481972607,Да, как всегда в 7 часов
03/03/2018,12:24:32,Георгий,+447563913127,Ок...до понеделник ...
Хубав ден .
03/03/2018,12:25:01,Я,+447481972607,Благодаря
08/03/2018,05:12:23,Георгий,+447563913127,Честит празник Натали ! Желая ти здраве, обич и много щастие !
Прегръщам те топло !
08/03/2018,06:59:14,Я,+447481972607,Благодаря!
08/03/2018,19:46:47,Георгий,+447563913127,Мога ли да те видя за минутка ?
08/03/2018,21:03:32,Я,+447481972607,Я в кино, сорри
08/03/2018,21:04:09,Георгий,+447563913127,Стикер
08/03/2018,21:04:15,Георгий,+447563913127,Стикер
12/03/2018,18:51:18,Я,+447481972607,Доброго дня! Сегодня можем начать пораньше; в 6-30
12/03/2018,19:01:09,Георгий,+447563913127,Ок...тръгвам към теб ...
13/03/2018,17:41:02,Георгий,+447563913127,Здравей Натали ... В кко да дойда : 6.30 или 7.00 ч ..?
13/03/2018,18:07:34,Я,+447481972607,6-45
13/03/2018,18:07:40,Я,+447481972607,😊
13/03/2018,18:08:43,Георгий,+447563913127,Ок
13/03/2018,18:08:47,Георгий,+447563913127,Стикер
14/03/2018,13:17:12,Георгий,+447563913127,Здравей Натали ... Как се чустваш днес, почиваш ли си?
На мен ми е скучно и малко тъжно като не те видя цял ден ...
14/03/2018,13:21:44,Я,+447481972607,А я очень хорошо себя чувствую, хорошая погода, утром делала, сейчас был массаж и иду гулять на солнышко!!! Не скучай,увидимся!
14/03/2018,13:23:08,Георгий,+447563913127,А когда увидемся ..? Я хочу севодня ...!!!???
14/03/2018,13:26:07,Георгий,+447563913127,Искаш ли да се видим довечера на питие и вечеря ?
14/03/2018,14:41:03,Я,+447481972607,Сегодня у меня планы на вечер
14/03/2018,15:04:22,Георгий,+447563913127,???... не преставаш да ме изненадваш ... ???
Хубав ден Натали ..!
14/03/2018,22:33:43,Я,+447481972607,Фото
14/03/2018,23:04:54,Георгий,+447563913127,Чудесно ... Желая ти хубава вечер !
15/03/2018,05:08:49,Георгий,+447563913127,Честит Рожден ден ! С пожелания за здраве и дълголетие, дързост и успехи, обич и много щастие !
15/03/2018,07:06:21,Я,+447481972607,Спасибо, Георгий!
16/03/2018,12:30:58,Георгий,+447563913127,[{"Type":""},{"Type":""},{"Action":{"name":"openurl","parameters":{"type":"regular","external":"true","url":"https:\/\/youtu.be\/Wln6NX0V4AQ"}},"Type":"vdo","ThumbnailHeight":225,"ThumbnailWidth":400,"ThumbnailUrl":"https:\/\/i.ytimg.com\/vi\/Wln6NX0V4AQ\/hqdefault.jpg"},{"Type":""},{"Action":{"name":"openurl","parameters":{"type":"regular","external":"true","url":"https:\/\/youtu.be\/Wln6NX0V4AQ"}},"Type":"txt","Color":1470418,"Size":1,"Underline":"true","MaxLinesNumber":2,"Text":"Foreigner - Waiting for a Girl Like You [Lyrics]","TextSpans":"no_sp"},{"Action":{"name":"openurl","parameters":{"type":"regular","external":"true","url":"https:\/\/youtu.be\/Wln6NX0V4AQ"}},"Type":"txt","Color":8553090,"Size":1,"Text":"youtu.be","TextSpans":"no_sp"},{"Type":"info","PushText":"https:\/\/youtu.be\/Wln6NX0V4AQ","PreviewText":"https:\/\/youtu.be\/Wln6NX0V4AQ"}]
16/03/2018,22:35:01,Георгий,+447563913127,Не ти ли хареса песента, Натали ..? 
Това е най хубавата песен на моята любима група - Форинър ...
17/03/2018,06:07:07,Я,+447481972607,Хорошая песня😊
19/03/2018,21:00:44,Я,+447481972607,outgoing_call
21/03/2018,05:05:57,Георгий,+447563913127,Пожелавам безпроблемен полет и щастлива ваканция !
21/03/2018,08:15:15,Я,+447481972607,Спасибо
21/03/2018,10:28:28,Георгий,+447563913127,Стикер
30/03/2018,13:46:21,Георгий,+447563913127,Хайде идвай си вече, Натали !!!
31/03/2018,10:52:43,Я,+447481972607,Скоро
31/03/2018,10:53:19,Я,+447481972607,Фото
31/03/2018,11:24:08,Георгий,+447563913127,Стикер
31/03/2018,11:24:18,Георгий,+447563913127,Стикер
31/03/2018,11:24:20,Георгий,+447563913127,Стикер
01/04/2018,21:37:14,Георгий,+447563913127,Как си, Натали ?
01/04/2018,21:40:35,Я,+447481972607,Завтра буду на работе. Увидимся
01/04/2018,21:41:42,Георгий,+447563913127,Навярно си изморена, защо не си починеш ?
01/04/2018,21:42:57,Я,+447481972607,Свежа как персик
01/04/2018,21:44:05,Георгий,+447563913127,Ха, ха ...Ок ...ще се видим сутринта , аз днес съм от 1 ч до 9.30 ч ...
Лека нощ !
01/04/2018,21:48:22,Я,+447481972607,Спокойной ночи
02/04/2018,21:52:41,Георгий,+447563913127,Искам да те прегърна !
03/04/2018,05:56:06,Георгий,+447563913127,В 5.30 буду на улицу ...
03/04/2018,05:56:54,Я,+447481972607,Ок
03/04/2018,06:23:37,Георгий,+447563913127,Когда готова приезжай...я на улицу ...
04/04/2018,06:29:20,Георгий,+447563913127,incoming_call
06/04/2018,06:14:41,Георгий,+447563913127,Добро утро...
06/04/2018,06:15:11,Я,+447481972607,Доброе утро
06/04/2018,06:15:42,Георгий,+447563913127,мога да те взема, искаш ли ?
06/04/2018,06:17:00,Я,+447481972607,Забрать?
06/04/2018,06:18:12,Георгий,+447563913127,Да, хочеш ли
06/04/2018,06:19:09,Я,+447481972607,Ну подвези если у тебя получается😊
06/04/2018,06:20:05,Георгий,+447563913127,В 5.35 буду на месте ...
06/04/2018,06:20:30,Я,+447481972607,Ок
08/04/2018,05:16:00,Георгий,+447563913127,Доброе утро ...
Я приеду севодня ... в сколько  надо ?
08/04/2018,08:58:35,Я,+447481972607,Христос воскрес! Я сегодня не иду на работу и вообще не в Лондоне. Я у брата
08/04/2018,09:40:07,Георгий,+447563913127,Воистина Воскресе ! Желаю прекрасний уикенд !
10/04/2018,13:18:51,Георгий,+447563913127,Чудя се, Натали .., дали някога ще ме харесаш като мъж, а не само като колега, клиент за масаж и т.н. ..?
10/04/2018,18:37:51,Я,+447481972607,Давай не будем мешать все на кучу и портить то что есть. Так хорошо все сейчас😊
10/04/2018,19:14:37,Георгий,+447563913127,Не разбирам кое ти прилича на преструвка ..?! 
Разбира се и аз не желая да развалям изградени добри отношения ..
Ок, всичко си остава както досега ... няма да задавам подобни, неприятни явно за теб въпроси, повече ..!
Не ми каза за утре - на работа ли си ?
10/04/2018,19:50:51,Я,+447481972607,Нет у меня офф. Можешь приходить на массаж когда тебе удобно
10/04/2018,19:52:50,Георгий,+447563913127,Всеки час след 11 ми е удобен ...
Напиши ми в колко да съм там .
10/04/2018,20:03:13,Я,+447481972607,11-30
10/04/2018,20:03:30,Георгий,+447563913127,Ок
23/04/2018,18:53:10,Я,+447481972607,Я закончила.
23/04/2018,19:12:03,Георгий,+447563913127,Я близо
23/04/2018,19:20:48,Георгий,+447563913127,missed_call
26/04/2018,23:11:07,Я,+447481972607,Спасибо большое за чудесный ужин. И хочу уточнить, что про яхту это была шутка. Мне не нужна яхта, ну если только один раз покататься для опыта. Но мне очень приятно иметь такого друга как Ты!!! Доброй ночи!
