﻿18/11/2017,15:06:12,Макар,+380682743705,add/TCL2KASFCms=
18/11/2017,16:25:00,Макар,+380682743705,Фото
18/11/2017,16:36:06,Dima,+380639527505,Да круто
18/11/2017,16:40:29,Dima,+380639527505,(sick)(sick)(sick)(sick)(sick)(sick)(sick)(sick)(sick)(sick)(sick)(sick)(sick)(sick)(sick)(sick)(sick)(sick)(sick)(sick)(sick)(sick)(sick)(sick)(sick)(sick)(sick)(sick)(sick)(sick)(sick)(sick)(sick)(sick)(sick)(sick)(sick)(sick)(sick)(sick)(sick)(sick)(sick)(sick)(sick)(sick)(sick)(sick)(sick)(sick)(sick)(sick)(sick)(sick)(sick)(sick)(sick)(sick)(sick)(sick)(sick)(sick)(sick)(sick)(sick)(sick)(sick)(sick)(sick)(sick)(sick)(sick)(sick)(sick)(sick)(sick)(sick)(sick)(sick)(sick)(sick)(sick)(sick)(sick)(sick)(sick)(sick)(sick)(sick)(sick)(sick)(sick)(sick)(sick)(sick)(sick)(sick)(sick)(sick)(sick)(sick)(sick)(sick)(sick)(sick)(sick)(sick)(sick)(sick)(sick)(sick)(sick)(sick)(sick)(sick)(sick)(sick)(sick)(sick)(sick)(sick)(sick)(sick)(sick)(sick)(sick)(sick)(sick)(sick)(sick)(sick)(sick)(sick)(sick)(sick)(sick)
18/11/2017,18:33:58,Макар,+380682743705,(flirt)(sick)
18/11/2017,18:35:01,Макар,+380682743705,(sick)(sick)(sick)(sick)(sick)(sick)(sick)(sick)(sick)(sick)(sick)(sick)(sick)(sick)(sick)(sick)(sick)(sick)(sick)(sick)(sick)(sick)(sick)(sick)(sick)(sick)(sick)(sick)(sick)(sick)(sick)(sick)(sick)(sick)(sick)(sick)(sick)(sick)(sick)(sick)(sick)(sick)(sick)(sick)(sick)(sick)(sick)(sick)(sick)(sick)(sick)(sick)(sick)(sick)(sick)(sick)(sick)(sick)(sick)(sick)(sick)(sick)(sick)(sick)(sick)(sick)(sick)(sick)(sick)(sick)(sick)(sick)(sick)(sick)(sick)(sick)(sick)(sick)(sick)(sick)(sick)(sick)(sick)(sick)(sick)(sick)(sick)(sick)(sick)(sick)
18/11/2017,18:36:21,Макар,+380682743705,(sick)(sick)(sick)(sick)(sick)(sick)(sick)(sick)(sick)(sick)(sick)(sick)(sick)(sick)(sick)(sick)(sick)(sick)(sick)(sick)(sick)(sick)(sick)(sick)(sick)(sick)(sick)(sick)(sick)(sick)(sick)(sick)(sick)(sick)(sick)(sick)(sick)(sick)(sick)(sick)(sick)(sick)(sick)(sick)(sick)(sick)(sick)(sick)(sick)(sick)(sick)(sick)(sick)(sick)(sick)(sick)(sick)(sick)(sick)(sick)
18/11/2017,19:20:30,Dima,+380639527505,Привет
25/11/2017,10:33:37,Dima,+380639527505,Фото
16/12/2017,17:05:08,Dima,+380639527505,message_deleted/Zoxs4tvEmx8=
