﻿18/04/2018,19:39:05,Макар,+380682743705,add/TCL2KASFCms=
18/04/2018,19:40:16,Я,+447481972607,Привет
18/04/2018,19:40:44,Dima,+380639527505,Прівет
18/04/2018,19:41:08,Я,+447481972607,Що робиш?
18/04/2018,19:41:08,Толя,+447533375076,Привет всім кого не бачив
18/04/2018,19:41:22,Ірена,+380936740881,Привіт
18/04/2018,19:41:41,Я,+447481972607,Оно как вас тут много
18/04/2018,19:42:19,Толя,+447533375076,Група для чого?
18/04/2018,19:43:46,Я,+447481972607,Что б я фото всем сразу присылала а не каждому по отдельности))😂😂
18/04/2018,19:45:15,Ірена,+380936740881,Ну да, хороша ідея
18/04/2018,19:46:11,Ірена,+380936740881,many_add_members/alf75CENY1A=,Q1AGmZNAeBM=/2
18/04/2018,19:49:30,Юльчик,+380977852040,Стикер
18/04/2018,19:52:52,Ірена,+380936740881,Фото
18/04/2018,19:53:02,Ірена,+380936740881,Мам це тобі
18/04/2018,19:54:09,Юльчик,+380977852040,це ви стіну пофарбували?
18/04/2018,19:54:37,Ірена,+380936740881,Ну)
18/04/2018,20:34:21,Валентина,+380962551603,а що за полосочки?
18/04/2018,21:07:42,Толя,+447533375076,Кльово
18/04/2018,21:08:38,Толя,+447533375076,Фото
18/04/2018,20:31:12,Я,+447481972607,Ты мне этой новостью вчера подняла настроение на всю неделю, хожу довольная Что у меня там красиво. И правда  красиво. Теперь коридор
18/04/2018,21:55:55,Ірена,+380936740881,[{"Type":""},{"Action":{"name":"openurl","parameters":{"type":"regular","external":"true","url":"https:\/\/www.instagram.com\/p\/Bht4Um2HUcT\/"}},"Type":"img","DisplayHeight":400,"DisplayWidth":400,"ImageUrl":"https:\/\/instagram.fdnk1-1.fna.fbcdn.net\/vp\/92445c589ac362e5c4c89a5d87a7543a\/5B733F8D\/t51.2885-15\/e35\/30078016_166260100750293_5481836711740702720_n.jpg"},{"Type":""},{"Type":""},{"Action":{"name":"openurl","parameters":{"type":"regular","external":"true","url":"https:\/\/www.instagram.com\/p\/Bht4Um2HUcT\/"}},"Type":"txt","Color":1470418,"Size":1,"Underline":"true","MaxLinesNumber":2,"Text":"Типове Рівне on Instagram: “Наркоманія у школах Рівного: школярку спіймали на торгівлі Нині правоохо","TextSpans":"no_sp"},{"Action":{"name":"openurl","parameters":{"type":"regular","external":"true","url":"https:\/\/www.instagram.com\/p\/Bht4Um2HUcT\/"}},"Type":"txt","Color":8553090,"Size":1,"Text":"instagram.com","TextSpans":"no_sp"},{"Type":"info","PushText":"https:\/\/www.instagram.com\/p\/Bht4Um2HUcT\/","PreviewText":"https:\/\/www.instagram.com\/p\/Bht4Um2HUcT\/"}]
18/04/2018,21:56:11,Ірена,+380936740881,От тобі і престиж
18/04/2018,22:10:05,Юльчик,+380977852040,Капец
18/04/2018,22:10:34,Толя,+447533375076,Жесть
18/04/2018,22:11:42,Лариса,+380989501506,Я раніше читала звернення яке тут згадують. Учениця старших класів розповсюджувала
18/04/2018,22:13:09,Юльчик,+380977852040,Шо там з Гармонією ?
18/04/2018,22:14:08,Лариса,+380989501506,Саша буде шукати канали до директор
18/04/2018,22:15:01,Валентина,+380962551603,message_deleted/Sbrq1V7N5EM=
18/04/2018,22:17:20,Лариса,+380989501506,Нашу переписку дуже цікаво буде читати Жені, Дімі Андрійчуку
18/04/2018,22:17:52,Юльчик,+380977852040,(smiley)
