﻿16/04/2017,15:18:06,Елена,+375292965741,Видео
17/04/2017,07:06:46,Я,+447481972607,Христос воскрес!!!
17/04/2017,07:08:21,Елена,+375292965741,Воистину воскрес!
31/08/2017,07:42:01,Я,+447481972607,Despacito Remix.mp3
31/08/2017,07:42:13,Я,+447481972607,Доброе утро!
31/08/2017,07:43:43,Елена,+375292965741,Доброе(smiley)!
30/11/2017,22:50:30,Я,+447481972607,[{"Type":""},{"Type":""},{"Action":{"name":"openurl","parameters":{"type":"regular","external":"true","url":"https:\/\/youtu.be\/zLpPmzmkyKQ"}},"Type":"vdo","ThumbnailHeight":225,"ThumbnailWidth":400,"ThumbnailUrl":"https:\/\/i.ytimg.com\/vi\/zLpPmzmkyKQ\/hqdefault.jpg"},{"Type":""},{"Action":{"name":"openurl","parameters":{"type":"regular","external":"true","url":"https:\/\/youtu.be\/zLpPmzmkyKQ"}},"Type":"txt","Color":1470418,"Size":1,"Underline":"true","MaxLinesNumber":2,"Text":"Fifty Shades Freed(2018) - Grey Family","TextSpans":"no_sp"},{"Action":{"name":"openurl","parameters":{"type":"regular","external":"true","url":"https:\/\/youtu.be\/zLpPmzmkyKQ"}},"Type":"txt","Color":8553090,"Size":1,"Text":"youtu.be","TextSpans":"no_sp"},{"Type":"info","PushText":"https:\/\/youtu.be\/zLpPmzmkyKQ","PreviewText":"https:\/\/youtu.be\/zLpPmzmkyKQ"}]
01/12/2017,06:30:47,Елена,+375292965741,Фото
01/12/2017,06:30:58,Елена,+375292965741,С началом зимы!(snowflake)(snowflake)(snowflake)
01/12/2017,17:27:56,Я,+447481972607,Вас тоже!!!
17/12/2017,22:39:45,Я,+447481972607,Фото
17/12/2017,22:39:45,Я,+447481972607,Фото
17/12/2017,22:39:45,Я,+447481972607,Фото
17/12/2017,22:39:45,Я,+447481972607,Фото
17/12/2017,22:39:45,Я,+447481972607,Фото
17/12/2017,22:39:45,Я,+447481972607,Фото
17/12/2017,22:39:45,Я,+447481972607,Фото
17/12/2017,22:39:45,Я,+447481972607,Фото
17/12/2017,22:39:45,Я,+447481972607,Фото
17/12/2017,22:39:45,Я,+447481972607,Фото
17/12/2017,22:40:12,Я,+447481972607,Фото
17/12/2017,22:40:12,Я,+447481972607,Фото
17/12/2017,22:40:12,Я,+447481972607,Фото
17/12/2017,22:40:28,Я,+447481972607,Фото
17/12/2017,22:40:43,Я,+447481972607,Зима бывает и такая!!🙄
18/12/2017,04:43:32,Елена,+375292965741,Очень красивая зима!
18/12/2017,04:43:56,Елена,+375292965741,А у нас вчера
18/12/2017,04:44:00,Елена,+375292965741,Фото
18/12/2017,04:44:01,Елена,+375292965741,Фото
18/12/2017,04:44:22,Елена,+375292965741,Это нас поздравили со 100 летним юбилеем
18/12/2017,04:44:38,Елена,+375292965741,Фото
18/12/2017,04:44:39,Елена,+375292965741,Фото
18/12/2017,04:44:46,Елена,+375292965741,Фото
18/12/2017,04:44:51,Елена,+375292965741,Фото
18/12/2017,04:44:51,Елена,+375292965741,Фото
18/12/2017,04:44:52,Елена,+375292965741,Фото
18/12/2017,04:44:53,Елена,+375292965741,Фото
18/12/2017,04:45:27,Елена,+375292965741,Сегодня еду в Минск на поздравление(smiley)а так хочется на Канары(moa)
18/12/2017,04:52:29,Елена,+375292965741,Дорогой дедушка Мороз! 
На этот Новый год я бы хотела,чтобы все стали добрее,а я красивее. 
Будет время, сделай мужчин умнее, но если тебе некогда, то просто пошли мне двадцатипятилетнего лыжного инструктора. 

Впрочем, я отвлеклась. Хочу попросить у тебя еще новый обмен веществ. Мне подойдет тот, который у баклана, - эта птица умудряется съедать за день больше, чем весит сама, а в бедрах совсем не поправляется. По-моему, это несправедливо. Стройные бедра гораздо нужнее женщинам, чем каким-то там бакланам. Конечно, я убеждаю саму себя, что если буду на завтрак есть хлебцы, по вкусу не отличающиеся от обертки, в которую они упакованы, то рано или поздно превращусь в Кейт Мосс. Но мы же оба понимаем, милый Дедушка, что это не так. Поэтому - бакланы. Запомни. 

Теперь о прическе. Сделай так, чтобы мне не пришлось каждый раз выкладывать пять тысяч рублей парикмахеру за то, чтобы через два дня после стрижки мои волосы снова обретали первозданно-взлохмаченный вид. Мне уже надоело объяснять людям, что я не ночую в клетке с бешеными хомяками. 

Эпиляция. Дед, ты хоть знаешь, как это мучительно? Я не спорю, есть масса плюсов в том, чтобы быть женщиной. Тебя первой спустят в шлюпке с тонущего корабля. Тебе не нужно при всех поправлять свои гениталии. Можешь пугать мужчин загадочными гинекологическими терминами. Но нескончаемая гражданская война с собственными волосами на всей поверхности тела, кроме головы, - это невыносимо. Либо подари уже всем нам прибор, который быстро и безболезненно удалял бы все нежелательные волосы, либо введи моду на мохнатых женщин. 

Далее. Трусы. Это серьезная женская проблема, внимание к которой в свое время привлекала даже Бриджит Джонс. С трусами всегда сложно. Всегда, каждый день надо принимать решение: стринги, утягивающие, удобные или без трусов. Утягивающее белье сохранилось со времен инквизиции.В этом облачении трудно дышать, танцевать и принимать соблазнительные позы. Думать же можно только об одном: "Когда, черт возьми, кончится эта мука?" Со стрингами тоже нелегко. Стринги врезаются сам знаешь куда, колются, и из-за них приходится постоянно чесаться, как макака в зоопарке. Вся разница только в том, что макака делает это публично, а ты намеренно задеваешь столы, стулья и руки мужчин. Трусы с рюшечками, кружавчиками и прочими сексапильными украшениями тоже далеки от идеала. Может быть, именно из-за всех этих неудобных приспособлений современные девушки так быстро соглашаются на секс: познакомились, выпили по коктейлю и - опля! - она уже раздевается. Еще бы… Удобные хлопковые трусы созданы для людей, но они не эстетично выглядят. И размером обычно с небольшое развивающееся государство. Приходится постоянно помнить, что если девушку в удобных трусах собьет машина,то в морге посмотреть на нее сбегутся все санитары.

В общем, придумай что-нибудь, ты же Дед Мороз. Сделай
удобные трусы красивыми, вкусную еду - малокалорийной, а симпатичных мужчин -гетеросексуальными. 

И о главном. Целлюлит. Это слово звучит как название желудочной инфекции, хотя гораздо ужаснее... 

Подумай также насчет йогурта. Я не знаю, как там у вас в Великом Устюге, но у нас питьевой йогурт не до конца выливается из бутылочки. На стенках остается еще рубля на три, не меньше! Сделай с этим что-нибудь. 

Вот, вроде бы, и все дорогой дедушка.😘 
😂😂😂😂😂😂😂😂
18/12/2017,15:49:23,Я,+447481972607,Фото
18/12/2017,15:49:39,Я,+447481972607,У вас тоже зима красивая
18/12/2017,15:49:51,Я,+447481972607,И ты красивая
18/12/2017,15:49:59,Я,+447481972607,Держишь форму
18/12/2017,15:50:16,Я,+447481972607,И прическа крутая;, идет тебе.
18/12/2017,15:50:58,Я,+447481972607,А Канары всего в пару часов лета, ждут, прилетай как дела закончишь
19/12/2017,08:30:14,Елена,+375292965741,Привет  ой как хочется на Канары только прилетать не за что(laugh)
19/12/2017,08:30:29,Елена,+375292965741,Фото
19/12/2017,08:30:35,Елена,+375292965741,Фото
19/12/2017,08:30:35,Елена,+375292965741,Фото
19/12/2017,08:30:43,Елена,+375292965741,Фото
19/12/2017,08:30:47,Елена,+375292965741,Фото
19/12/2017,08:31:29,Елена,+375292965741,Вчера г.Минск Марриотт отель поздравление в республике со 100 летим органов ЗАГСа
19/12/2017,08:32:27,Елена,+375292965741,Приехали в 2 ночи.Мне так не хватает солнца и тепла(sad)очень хочется побольше солнца устали уже
19/12/2017,11:15:36,Я,+447481972607,Да поэтому и я улетаю из Лондона каждые пару месяцев на солнце. В Лондоне не холодно даже зимой ( ну скажем не очень холодно как для нас) но  всегда пасмурно и без солнца начинаешь впадать в депрессию. Я б тебе перестала чего нибудь местного надо узнать как это . Почтой очень дорого.
19/12/2017,11:17:53,Я,+447481972607,Мы с Толей прошлый раз сыра и всяких мармелада с кактусов 5 кг выслали то заплатили 40 евро. А из Лондона я 20 кг где за 20 фунтов. Кстати одежда в Лондоне очень дешево можно найти, вот бы тебя приодеть моя красивая сестричка во все эксклюзивное. Я подумаю как это сделать)))😉
19/12/2017,11:18:06,Я,+447481972607,Фото
19/12/2017,11:40:29,Я,+447481972607,Фото
19/12/2017,11:40:29,Я,+447481972607,Фото
19/12/2017,11:40:29,Я,+447481972607,Фото
19/12/2017,16:56:57,Елена,+375292965741,Спасибо нам ничего не нужно а вещи там очень своеобразные платья нарядные все короткие.Ты и так там на всех работаешь мы сами все как то приобретаем.Спасибо.
19/12/2017,16:57:10,Елена,+375292965741,Фото
19/12/2017,16:57:10,Елена,+375292965741,Фото
19/12/2017,16:57:18,Елена,+375292965741,Фото
19/12/2017,16:57:19,Елена,+375292965741,Фото
19/12/2017,16:58:31,Елена,+375292965741,Это платье из Лондона привезла Олечка но пришлось весь переделать низ было короткое до неприличия вот я приду мала новый низ(smiley)а пояс мой куплен уже давно
19/12/2017,18:19:32,Я,+447481972607,Да это точно платья короткие
19/12/2017,19:24:24,Елена,+375292965741,Ну вот (sad)а для меня это неприемлемо.Одевпться сложно очень и хочется что то индивидуальное и красивое и в то же время элегантное.А я ж жуть как люблю красивые вещи(laugh)Пока спасает Monton есть вещи элегантные и мне идут хорошо их лекала
19/12/2017,19:25:09,Елена,+375292965741,Летнее торжественное найти тоже сложно но это не главное в жизни.
19/12/2017,19:26:05,Елена,+375292965741,Меня зовут на вечер встречи с выпускниками у меня же 30 лет уже в этом году(smiley).Многие летят из Англии (laugh)(laugh)
19/12/2017,20:16:47,Я,+447481972607,Господи божемой 30 лет Уже??? Лена, где время поделось? Вроде ж недавно...
19/12/2017,20:17:05,Я,+447481972607,Фото
19/12/2017,20:17:05,Я,+447481972607,Фото
19/12/2017,20:17:05,Я,+447481972607,Фото
19/12/2017,20:17:05,Я,+447481972607,Фото
19/12/2017,20:18:20,Я,+447481972607,Еще так молодо себя чувствуешь пока в паспорт не смотришь.Аж как то неудобно озвучивать цифру😂😂😂😂
19/12/2017,20:32:10,Елена,+375292965741,Так это главное если чувствуешь поэтому в паспорт не смотри(smiley)
19/12/2017,20:54:11,Я,+447481972607,Чувствую на 25 выгляжу на 36 а в паспорт на границе смотрят и пеереспрашивают ну и медики возрастом интересуются!
19/12/2017,21:11:45,Елена,+375292965741,Значит ещё все не так и плохо что уже делать женщине сложно смириться с возрастом(smiley)а вообще нужно к этому относиться попроще
19/12/2017,21:14:12,Я,+447481972607,Да я не зацикливаюсь, просто зацепилась это тема. Наслаждаюсь тем что имею!!!
20/12/2017,19:53:45,Елена,+375292965741,Привет,помоги разослать, ищут донора ребенку. 
Разошли пожалуйста кому можешь. Умирает 11 месячный ребенок, у него опухоль костного мозга, срочно нужна операция, нужен донор,  группа крови третья отрицательная. Тел:8-988-583-84-33. У родителей ребенка недостаточно денег и "Ерuls" и "Оnеt" согласны им помочь. "Оnеt" проверяет сколько человек получили это письмо. За каждые отправленные три письма родители ребенка получают на счет 32рубля. Если ты отправишь минимум 12 писем то у тебя в профиле будет значок "Спасибо". 
Ребята, давайте поможем!

P.S от нас не убудет.

разошли
23/12/2017,15:24:56,Я,+447481972607,Рождество!!!
23/12/2017,15:24:41,Я,+447481972607,Фото
23/12/2017,15:24:41,Я,+447481972607,Фото
23/12/2017,20:35:25,Я,+447481972607,Feliz Navidad-803058097.mp3
26/12/2017,04:11:47,Елена,+375292965741,Женское письмо к Деду Морозу

Дорогой дедушка Мороз! 
На этот Новый год я бы хотела,чтобы все стали добрее,а я красивее. 
Будет время, сделай мужчин умнее, но если тебе некогда, то просто пошли мне двадцатипятилетнего лыжного инструктора. 

Впрочем, я отвлеклась. Хочу попросить у тебя еще новый обмен веществ. Мне подойдет тот, который у баклана, - эта птица умудряется съедать за день больше, чем весит сама, а в бедрах совсем не поправляется. По-моему, это несправедливо. Стройные бедра гораздо нужнее женщинам, чем каким-то там бакланам. Конечно, я убеждаю саму себя, что если буду на завтрак есть хлебцы, по вкусу не отличающиеся от обертки, в которую они упакованы, то рано или поздно превращусь в Кейт Мосс. Но мы же оба понимаем, милый Дедушка, что это не так. Поэтому - бакланы. Запомни. 

Теперь о прическе. Сделай так, чтобы мне не пришлось каждый раз выкладывать пять тысяч рублей парикмахеру за то, чтобы через два дня после стрижки мои волосы снова обретали первозданно-взлохмаченный вид. Мне уже надоело объяснять людям, что я не ночую в клетке с бешеными хомяками. 

Эпиляция. Дед, ты хоть знаешь, как это мучительно? Я не спорю, есть масса плюсов в том, чтобы быть женщиной. Тебя первой спустят в шлюпке с тонущего корабля. Тебе не нужно при всех поправлять свои гениталии. Можешь пугать мужчин загадочными гинекологическими терминами. Но нескончаемая гражданская война с собственными волосами на всей поверхности тела, кроме головы, - это невыносимо. Либо подари уже всем нам прибор, который быстро и безболезненно удалял бы все нежелательные волосы, либо введи моду на мохнатых женщин. 

Далее. Трусы. Это серьезная женская проблема, внимание к которой в свое время привлекала даже Бриджит Джонс. С трусами всегда сложно. Всегда, каждый день надо принимать решение: стринги, утягивающие, удобные или без трусов. Утягивающее белье сохранилось со времен инквизиции.В этом облачении трудно дышать, танцевать и принимать соблазнительные позы. Думать же можно только об одном: "Когда, черт возьми, кончится эта мука?" Со стрингами тоже нелегко. Стринги врезаются сам знаешь куда, колются, и из-за них приходится постоянно чесаться, как макака в зоопарке. Вся разница только в том, что макака делает это публично, а ты намеренно задеваешь столы, стулья и руки мужчин. Трусы с рюшечками, кружавчиками и прочими сексапильными украшениями тоже далеки от идеала. Может быть, именно из-за всех этих неудобных приспособлений современные девушки так быстро соглашаются на секс: познакомились, выпили по коктейлю и - опля! - она уже раздевается. Еще бы… Удобные хлопковые трусы созданы для людей, но они не эстетично выглядят. И размером обычно с небольшое развивающееся государство. Приходится постоянно помнить, что если девушку в удобных трусах собьет машина,то в морге посмотреть на нее сбегутся все санитары.

В общем, придумай что-нибудь, ты же Дед Мороз. Сделай
удобные трусы красивыми, вкусную еду - малокалорийной, а симпатичных мужчин -гетеросексуальными. 

И о главном. Целлюлит. Это слово звучит как название желудочной инфекции, хотя гораздо ужаснее... 

Подумай также насчет йогурта. Я не знаю, как там у вас в Великом Устюге, но у нас питьевой йогурт не до конца выливается из бутылочки. На стенках остается еще рубля на три, не меньше! Сделай с этим что-нибудь. 

Вот, вроде бы, и все дорогой дедушка.
26/12/2017,19:28:51,Елена,+375292965741,Фото
26/12/2017,19:47:37,Я,+447481972607,Стикер
26/12/2017,19:48:17,Я,+447481972607,Соглашайся, какой никакой но Брэд Питт🤣🤣🤣
26/12/2017,20:08:43,Елена,+375292965741,Фото
26/12/2017,20:08:55,Елена,+375292965741,Думаю(surprised)(surprised)
26/12/2017,20:10:07,Я,+447481972607,Как еще никто не схватил такую звездочку?🤔
26/12/2017,20:11:30,Елена,+375292965741,Успокойся сейчас мужщин дефицит просто катастрофа знаешь сколько незамужних молодых и красивых и ухоженных девушке просто ужас
26/12/2017,20:11:56,Я,+447481972607,Это смотря где😂😂😂😂
26/12/2017,20:12:10,Елена,+375292965741,Я даже не претендую хоть бы до пенсии доработать в приличном виде(smiley)(smiley)(smiley)
26/12/2017,20:12:26,Я,+447481972607,В Индии и Китае женщин НАМНОГО меньше
26/12/2017,20:12:34,Елена,+375292965741,Где то есть дефицит(laugh)(laugh)(laugh)(laugh)
26/12/2017,20:13:20,Елена,+375292965741,Оооо это не моя тема Джими Джими Ача Ача(laugh)(laugh)романтика прошла!
26/12/2017,20:13:40,Я,+447481972607,Да и здесь я б сказала больше мужики на баб заглядывают чем наоборот
26/12/2017,20:15:03,Елена,+375292965741,Я же наверное поеду на вечер встречи выпускников одурил мне все башку что у нас 30 лет и просто вот надо.Уже 4 человека летят из Англии билеты купили двое из Германии короче разнесло нас
26/12/2017,20:15:52,Я,+447481972607,Так это классно, наконец всех увидишь!!!
26/12/2017,20:16:01,Елена,+375292965741,Но а есть там где вот ты для общения приятные интеллегентные люди кто не только за деньгами
26/12/2017,20:16:13,Я,+447481972607,Всякие есть
26/12/2017,20:16:22,Я,+447481972607,На любой вкус
26/12/2017,20:17:01,Я,+447481972607,И ни одной одинокой женщины я не вижу здесь на любую найдется хоть кто нибудь
26/12/2017,20:17:14,Елена,+375292965741,Не поверишь у нас так уже многих пацанов нет в живых это просто ужасно я знала про Юру Кивитиса и Сергея а оказалось ещё 7 человек
26/12/2017,20:17:52,Я,+447481972607,У нас на работе все одиночки похватали даже толстые и страшные все себе нашли кого то ну хоть негра)))
26/12/2017,20:18:32,Я,+447481972607,Ну Кивитис еще при мне погиб, давно...
26/12/2017,20:18:48,Я,+447481972607,Петров жив?
26/12/2017,20:26:14,Елена,+375292965741,Хоть кто нибудь это не вариант это же неинтересно
26/12/2017,20:26:30,Елена,+375292965741,Обхохочешься Петров в Англии(laugh)
26/12/2017,20:26:49,Я,+447481972607,Супер
26/12/2017,20:27:05,Я,+447481972607,Приедет на встречу?
26/12/2017,20:27:28,Я,+447481972607,Хотя зачем он тебе уже теперь надо?
26/12/2017,20:28:12,Елена,+375292965741,У меня в прошлом году женился черный но там такой который ещё марксизм ленинизм учил ему к 50 но выглядит супер в общении тоже харизма необыкновенная он в Москве директор фирмы
26/12/2017,20:29:43,Елена,+375292965741,Совершенно права мне он и не надо и совершенно полагаю неинтересен это была школа чувств взросление и юность и не более того я даже не уверена если бы мы все же встретились было бы нам о чем вообще поговорить очень неуверена
26/12/2017,20:29:44,Я,+447481972607,Они разные бывают черные.Есть хорошие  мужья, есть альфонсы
26/12/2017,20:30:31,Елена,+375292965741,Так есть и русские такие и все остальные для этого не нужно быть черным
26/12/2017,20:32:24,Я,+447481972607,Мне самой бы не хотелось черного , не привычно и не нравится но здесь все к ним привыкли и много таких браков, а детки какие красивые!!!
26/12/2017,20:32:43,Елена,+375292965741,Я не знаю нашли ли его у него старый визит в одноклассниках указано Великобритания Кинг Лин
26/12/2017,20:33:32,Я,+447481972607,Не знаю где это
26/12/2017,20:34:26,Я,+447481972607,А как тот парень что последний с кем ты встречалась. Вот забыла как его
26/12/2017,20:34:31,Елена,+375292965741,Там сборами занимается с параллельного класа а в Англии живут Исаева Наташа если помнишь Инесса Калмане уже там всей семьёй пару лет Петроченко Сергей
26/12/2017,20:34:43,Елена,+375292965741,Дубоделов?
26/12/2017,20:35:00,Я,+447481972607,Да
26/12/2017,20:35:10,Я,+447481972607,Инесса помню
26/12/2017,20:35:53,Елена,+375292965741,Он говорят живёт в Даугавпилсе но сказали его осень стережет жена(laugh)(laugh)(laugh)(laugh)его нет в соцсетях и не смогли его найти
26/12/2017,20:35:55,Я,+447481972607,Удивительно что не вообще все еще здесь!!!!
26/12/2017,20:37:09,Елена,+375292965741,В Германии Орлова Наташа Лариса Иванова а Понятовский Гена в Италии есть и в Америке короче как глобус класс наш
26/12/2017,20:39:24,Я,+447481972607,Везде так
26/12/2017,20:40:05,Елена,+375292965741,Инесса в Питерборо
26/12/2017,20:40:22,Я,+447481972607,У меня тоже и в Германии и в Америке и в России где только нету  одноклассников
26/12/2017,20:40:44,Елена,+375292965741,А в Англии?
26/12/2017,20:40:58,Я,+447481972607,В Англии никого
26/12/2017,20:41:30,Елена,+375292965741,А если Геры сестра Таня в Питере?
26/12/2017,20:41:53,Я,+447481972607,В Самару она переехала
26/12/2017,20:41:58,Елена,+375292965741,Она ещё за Сергеем замужем?
26/12/2017,20:42:04,Я,+447481972607,Не знаю зачем
26/12/2017,20:42:22,Я,+447481972607,Она уже лет 10 как замужем за другим.
26/12/2017,20:42:45,Елена,+375292965741,Обалдеть потешная тётка так ее хорошо помню во даёт все перебрала молоток
26/12/2017,20:43:01,Я,+447481972607,С Сергеем сразу здесь развелось или после приезда в Питер сразу. Но давно
26/12/2017,20:43:31,Елена,+375292965741,Ещё может и дети есть от третьего брака?
26/12/2017,20:43:56,Я,+447481972607,Да и со всеми тремя бывшими мужьями дружит, встречается, помогают ей))
26/12/2017,20:44:19,Я,+447481972607,Нет детей ей уже 50 на тот момент стукнуло
26/12/2017,20:44:28,Елена,+375292965741,Мудрая(smiley)(smiley)женщина
26/12/2017,20:44:48,Я,+447481972607,Не отнять
26/12/2017,20:45:30,Елена,+375292965741,А в Англии ее сыновья или Валеры?
26/12/2017,20:46:06,Я,+447481972607,Ее Денис в Лондоне а Макс в Питере, а Валерины оба в Лондоне
26/12/2017,20:46:27,Я,+447481972607,Все мы тут Никифоровское отродье собрались
26/12/2017,20:47:05,Елена,+375292965741,Ну это и неплохо хоть есть к кому зайти на чашку чая по английски(laugh)(laugh)(laugh)(laugh)
26/12/2017,20:47:47,Я,+447481972607,Они в другом конце Лондона. Это примерно по времени как в Ригу сьездить
26/12/2017,20:48:15,Я,+447481972607,С Виталиком созваниваемся, еще не виделись
26/12/2017,20:48:58,Я,+447481972607,А про Игоря вообще никто не знает где он что он. С Деном видимся
26/12/2017,20:49:08,Елена,+375292965741,А думаешь мне здесь очень легко одной ну сейчас я чаще еду в Минск к Жанне Антона туда тяну чтобы знал моих сестер и его очень любит Таиса из Полоцка
26/12/2017,20:49:41,Я,+447481972607,Да. Это надо знать родню
26/12/2017,20:49:51,Елена,+375292965741,Хотя его многие любят и Олечка и ее девочки летом его еле отпустили плакали даже
26/12/2017,20:50:26,Я,+447481972607,Мне это придает уверенности что тут кто то есть У меня. Хоть не видимся но в край чего есть же
26/12/2017,20:52:19,Елена,+375292965741,Он очень справедливый добрый и ответственный мне его даже звонили из института хвалили в день матери я сначала очень испугалась что что то произошло
26/12/2017,20:52:58,Елена,+375292965741,Но в нем ещё и столько наивности короче дитё и все
26/12/2017,20:53:48,Я,+447481972607,Ок, Леночка, мне завтра на 6 на работу , в 4-30  вставать а еще надо одно видео посмотреть по новую технику массажа, спишемся. А Антона к нам тоже приучай не только к белорусской родне!!!
26/12/2017,20:54:25,Я,+447481972607,Пусть вон ко мне в гости приезжает!
26/12/2017,20:55:10,Елена,+375292965741,Оооо он ещё приедет не волнуйся(laugh)только попробуй уехать ещё из этого Ведра! Отдыхай пока целую
26/12/2017,20:55:42,Я,+447481972607,Целую,Леночка, пиши!
26/12/2017,20:55:59,Елена,+375292965741,Хорошо отдыхай!
29/12/2017,06:05:12,Елена,+375292965741,PCSVID-dc0ac42e7252443ba6716a99b941ae52.mp4
30/12/2017,15:57:56,Елена,+375292965741,Фото
31/12/2017,08:53:58,Елена,+375292965741,Фото
31/12/2017,10:23:26,Я,+447481972607,Вот спасибо! Вся жизнь состоит из мелочей и приятно когда они приятные!!!😙
31/12/2017,10:29:26,Елена,+375292965741,Видео
31/12/2017,10:29:53,Елена,+375292965741,Согласна да вся жизнь из приятных мелочей
31/12/2017,10:30:47,Елена,+375292965741,(moa)
07/01/2018,07:38:58,Елена,+375292965741,Фото
07/01/2018,07:40:06,Я,+447481972607,Спасибо, дорогая! Ты первая поздравила! Счастливого Рождества!
07/01/2018,07:40:50,Елена,+375292965741,Тебе тоже  от всей души всего самого доброго,ясного и светлого (moa)(moa)
07/01/2018,07:41:26,Я,+447481972607,Стикер
07/01/2018,07:43:56,Елена,+375292965741,Сейчас пришлю стихи, прочитайте внимаааательно!!!

Желаю всем добра и мыслей светлых… 
Пускай обиды прошлые уйдут… От них вы избавляйтесь незаметно… Простить и отпустить нелёгкий труд… Но каждым утром рано на рассвете Попробуйте кого-нибудь простить… 
За то, что солнце в небе ярко светит. 
Начните  жизнь свою благодарить...
Она ведь посылает вам уроки,
Чтоб стали вы отзывчивей, мудрей 
А слышит лишь обидные упрёки,
То денег нет, то верных нет друзей… 
Вы жизнь свою за всё благодарите… 
За то, что вы не знаете войны, за то , что у компьютера сидите... 
за то, что вы кому- нибудь нужны…
За то, что есть у вас семья и дети,
А если нет, просите у неё!!!
Она ведь не глуха и вам ответит,
Прощая вас за прежнее нытьё…
Хотите быть богатыми? Мечтайте!
К вам деньги будут сами приходить… 
Хотите быть счастливыми? 
Дерзайте, учитесь доверять, прощать, любить…
Представьте жизнь свою без опасений, без страхов, без упрёков и обид… 
Освободитесь от пустых сомнений, увидите, что к счастью путь открыт…
Оставьте ваше прошлое в покое!
Оно ушло, обратно не вернуть…
Задумайтесь сегодня над судьбою
И начертите в мыслях светлый путь. 
Весь мир под одного не перестроить, но можно перестроить мир внутри…
И лучше доверять, чем вечно спорить  и лучше отыскать, чем не найти… Вам жизнь даёт бесценные советы… того, что есть, могло бы и не быть…
Представили? За каждый лучик света. Учитесь жизнь свою благодарить...
Я первую свечу поставлю на Крещенье. 
И небеса просить я буду о добре! 
Что бы враги мои в день своего рожденья
Купались не в деньгах, а в счастье и тепле! 
Вторую я свечу зажгу на день влюблённых. 
Пусть с самого утра, её огонь горит. 
И каждый из мужчин, любовью окрыленный, 
Любимую свою - всю жизнь боготворит!
А третью я зажгу - не в феврале, а в марте. 
За каждую из нас, что Евой рождена. 
Чтоб женская любовь не знала слова 'хватит'! 
Сверкала красотой и мудрою была! 
Четвёртую свечу зажгу к весне приходу, 
Чтобы сердца людей наполнила капель. 
А пятую свечу - в грозу, на непогоду, 
Зажгу, чтоб злой навет не постучался в дверь 
Шестую - за детей! Чтоб матерей простили. 
И не кляли отцов, что с ними не живут. 
Чтоб женщину и мать - они превозносили! 
И праведно живя, не знали злобы путь! 
Последнюю зажгу - за каждую слезинку! 
Врагам, прощая зло, соперницам мужчин. 
Стихами напишу, души своей картинку, 
И в пламени сожгу для мести сто причин! 

Мне прислали,тебе отсылаю. Скажи тихонько: Господи, люблю Тебя, нуждаюсь в Тебе, Приди сейчас в моё сердце! Разошли десяти дорогим людям. И в этот же вечер жди чудо. Не игнорируй, Святки сейчас!
07/01/2018,07:45:25,Я,+447481972607,Длинное какое! Спасибо за мудрые слова!
07/01/2018,07:45:44,Елена,+375292965741,Это не я это люди(smiley)
07/01/2018,07:47:01,Я,+447481972607,Да , у людей мудрости не занимать( еще б так делали как пишут😁)
07/01/2018,07:47:11,Елена,+375292965741,Вот вот
07/01/2018,07:48:00,Я,+447481972607,Кутю наварила? Мяса- колбас напекла ?
07/01/2018,07:48:43,Елена,+375292965741,Нет я такие кушанья не люблю совсем(sad)
07/01/2018,07:49:17,Я,+447481972607,Традиции надо соблюдать
07/01/2018,07:49:34,Я,+447481972607,Что салат будешь грызть?
07/01/2018,07:49:46,Я,+447481972607,Фото
07/01/2018,07:49:52,Елена,+375292965741,Ну это не обязательно главное что у человека в душе а не во рту
07/01/2018,07:50:01,Я,+447481972607,Лисы бегают
07/01/2018,07:50:34,Я,+447481972607,Даже и не бегают, пешком ходят😂😂
07/01/2018,07:50:46,Елена,+375292965741,Обалдеть а у нас зацвести в Бресте могут подснежники но с понедельника уже снег вроде и морозик
07/01/2018,07:51:09,Я,+447481972607,Тут теплее зимы
07/01/2018,07:51:24,Я,+447481972607,+5 все уже мерзнут
07/01/2018,07:52:06,Елена,+375292965741,А я устала от теплой и черной зимы и хочу снега белого пушистого и минус 10
07/01/2018,07:52:34,Я,+447481972607,Сейчас похолодало. Так я под осеннее пальто еще кофту взяла . Обожаю зиму как тут
07/01/2018,07:53:02,Я,+447481972607,Не угодишь тебе😉
07/01/2018,07:53:19,Я,+447481972607,Мне и без снега неплохо
07/01/2018,07:53:41,Елена,+375292965741,Я никогда не говорила что люблю зиму без снега наоборот люблю очень
07/01/2018,07:54:21,Елена,+375292965741,Я вооюще люблю все красивое величественное и это и русская зима тоже а от грази скоро слетит крыша
07/01/2018,07:54:36,Я,+447481972607,Тогда тебе не в Лондон и вообще по всей Европе сейчас нет снега. Езжай в Сибирь😂😂😂
07/01/2018,07:55:17,Елена,+375292965741,Сейчас хочу в Грузию в горы !
07/01/2018,07:55:52,Елена,+375292965741,Я в Лондоне и не хочу в такое время когда все серо мне и здесь этой серости хватает
07/01/2018,07:55:53,Я,+447481972607,Ого!Какое желание неожиданное
07/01/2018,07:56:11,Я,+447481972607,Здесь всегда серо🤣🤣🤣
07/01/2018,07:56:28,Елена,+375292965741,Я же говорю люблю красивое все я бы и в Испанию поехала опять
07/01/2018,07:56:52,Я,+447481972607,Так поедь
07/01/2018,07:57:25,Я,+447481972607,Хотя там дождь сейчас
07/01/2018,07:57:28,Елена,+375292965741,Увы есть очень много других трат и необходимых
07/01/2018,07:57:41,Елена,+375292965741,Я так захотела и позволила не могу
07/01/2018,07:58:25,Я,+447481972607,Ок! Я на работе! Не знаю чего ты не спишь в выходной так рано. Хорошего дня!
07/01/2018,07:58:50,Елена,+375292965741,Антоша приехал снимки общаюмь
07/01/2018,07:59:05,Елена,+375292965741,Общаюсь(smiley)работай пока
07/01/2018,07:59:18,Я,+447481972607,Привет Антону!
07/01/2018,07:59:39,Елена,+375292965741,Спасибо передам!
14/01/2018,12:23:41,Елена,+375292965741,Фото
14/01/2018,12:24:10,Елена,+375292965741,message_deleted/QaU4krVJuEE=
14/01/2018,12:24:40,Елена,+375292965741,Ну что, дорогая, святки начались .Гадаем на жениха! 👍! Шли мне цифру от 1 до 7!Поехали)))))😉🤣
16/01/2018,20:46:00,Елена,+375292965741,Шекспир сказал: я чувствую себя счастливым, ты знаешь почему? Потому что я ничего не жду, потому что ждать и надеяться всегда больно. Все проблемы имеют смысл и значение. Мы всегда будем встречать людей, которых мы не волнуем, даже если они говорят, что мы важны. Важно быть сильным, потому что после каждой тьмы и падения в жизни приходят действительно хорошие вещи. Нет плохих вещей. Будь всегда счастливым и смейся. Помни себя, живи для себя. Думай об этом и дыши. Прежде чем сказать, послушай. Прежде чем написать, подумай. Прежде чем ответить, послушай. Прежде чем умереть, живи. Прежде чем что-то сделать, понаблюдай. Красивые отношения – это отношения не с идеальным человеком, а с человеком, с которым ты учишься жить. Принимай людей с их ошибками. Иначе ты в конце концов пожалеешь об их потере. И это причинит тебе боль. Если ты хочешь быть счастливым, живи счастливо. Обращай внимание на хороших людей вокруг тебя, потому что ты один из них. Помни, когда ты меньше всего этого ожидаешь, будет кто-то, кто сделает твою жизнь более красивой. Никогда не разрушай свою личность для людей, которые являются лишь временными. Сильный человек пытается держать свою жизнь в порядке. Даже со слезами на глазах он встает и говорит с улыбкой: «Я в порядке». Отправь это сообщение сильному человеку. Я делаю это прямо сейчас. Ты увидишь, сколько ответов ты получишь. Ангелы говорят: сегодня ночью две вещи, которые тебя очень волнуют, будут снова в порядке. Утром ты почувствуешь себя лучше. Я оставляю с тобой двенадцать ангелов. Один на каждый месяц. Отправь этот текст двенадцати друзьям, включая меня. Потому что сегодня международный День друзей. Отправь это сообщение людям, которых ты не хотел бы потерять. Если ты не отправишь его, значит, у тебя нет времени для твоих друзей. Если ты получишь это сообщение шесть раз, это означает, что ты человек, которого очень любят.
31/01/2018,18:58:56,Елена,+375292965741,Фото
03/02/2018,12:04:13,Елена,+375292965741,Видео
03/02/2018,16:46:43,Я,+447481972607,Фото
03/02/2018,16:48:29,Я,+447481972607,Это у нас сейчас. Обратно внимание на площадке девочка гуляет в футболке. Так тут детей одевают. Не кутают😂😂
03/02/2018,17:17:37,Елена,+375292965741,Можно и не кушать если климат позволяет почему бы нет.У нас сегодня лежит снег везде каша мёрзлая минус 2,3 а в понедельник минус 12
17/02/2018,16:51:55,Я,+447481972607,Фото
17/02/2018,16:52:14,Я,+447481972607,С детками на пикнике
18/02/2018,08:00:44,Елена,+375292965741,Фото
18/02/2018,08:26:53,Я,+447481972607,Бог простит и я прощаю и ты меня прости
16/03/2018,05:29:13,Елена,+375292965741,Фото
16/03/2018,06:07:11,Я,+447481972607,Спасибо,Леночка!!!
16/03/2018,06:07:17,Я,+447481972607,Фото
16/03/2018,06:07:21,Я,+447481972607,Фото
16/03/2018,06:07:27,Я,+447481972607,Фото
16/03/2018,06:07:52,Я,+447481972607,Фото
16/03/2018,06:07:52,Я,+447481972607,Фото
16/03/2018,06:07:52,Я,+447481972607,Фото
16/03/2018,06:07:52,Я,+447481972607,Фото
16/03/2018,06:07:56,Елена,+375292965741,Вы там уже весну встречаете
16/03/2018,06:07:52,Я,+447481972607,Фото
16/03/2018,06:08:10,Я,+447481972607,Фото
16/03/2018,06:08:10,Я,+447481972607,Фото
16/03/2018,06:08:10,Я,+447481972607,Фото
16/03/2018,06:09:37,Елена,+375292965741,Весело у вас там
16/03/2018,06:09:52,Елена,+375292965741,Фото
16/03/2018,06:09:54,Елена,+375292965741,Фото
16/03/2018,06:09:57,Елена,+375292965741,Фото
16/03/2018,06:10:07,Елена,+375292965741,Антону 20(surprised)(surprised)(surprised)(surprised)
16/03/2018,06:10:21,Елена,+375292965741,Фото
16/03/2018,06:10:24,Елена,+375292965741,Фото
16/03/2018,06:10:25,Елена,+375292965741,Фото
16/03/2018,06:10:33,Елена,+375292965741,Наша весна(laugh)(laugh)(laugh)(laugh)
16/03/2018,06:11:03,Елена,+375292965741,Сейчас опять морозы до минус 15 и пошел снег
16/03/2018,06:15:19,Я,+447481972607,Какие вы красивые! А т Лиля где? Она же приезжала на др Антона вроде
16/03/2018,06:17:22,Я,+447481972607,А снег здесь был 2 дня лежал впервые за много лет.Школьники успели в снежки поиграть и он растаял. Теплой одежды никто так и не купил.😂😂😂😂
16/03/2018,06:19:18,Я,+447481972607,Школьники всю зиму прост о в форме, даже без курточку, так и играли в снежки, без шапок, варежек, только шарфами некоторые обмотались
16/03/2018,06:19:47,Елена,+375292965741,Фото
16/03/2018,06:19:51,Елена,+375292965741,Фото
16/03/2018,06:19:58,Елена,+375292965741,Фото
16/03/2018,06:20:00,Елена,+375292965741,Фото
16/03/2018,06:20:03,Елена,+375292965741,Фото
16/03/2018,06:22:13,Я,+447481972607,Все в синем
16/03/2018,06:25:28,Я,+447481972607,Это Эдика мама? Такая высокая!!
16/03/2018,06:33:50,Елена,+375292965741,Мама Эдика в брюках и джемпере
16/03/2018,06:35:47,Елена,+375292965741,В синем как-то случайно получилось я очень люблю этот цвет мне он идёт даже сейчас для браков ищу платье и опять хочу синее .Я тут купила а оно после стирки расползались швы и теперь опять ищу(smiley)
16/03/2018,06:36:29,Елена,+375292965741,Свадеб набрали кучу наряд работать нужен а искать особо и негде все заупокойное(smiley)
17/03/2018,22:12:41,Я,+447481972607,Фото
17/03/2018,22:12:58,Я,+447481972607,Весна
18/03/2018,09:13:41,Елена,+375292965741,Доброе утро!
18/03/2018,09:13:46,Елена,+375292965741,Фото
18/03/2018,09:13:48,Елена,+375292965741,Фото
18/03/2018,09:14:05,Елена,+375292965741,А это наша весна(sad)вид из моего балкона
18/03/2018,09:51:46,Елена,+375292965741,Фото
18/03/2018,11:03:32,Я,+447481972607,Тоже красивый вид, природа, не проезжая часть!!!
18/03/2018,11:05:00,Елена,+375292965741,У меня с балкона очень красивый вид река и все это только балконы в ужасном состоянии все не доберёмся их сделать
18/03/2018,11:05:39,Елена,+375292965741,Квартиру уже более менее а балкон и лоджия капец просто(sad)
18/03/2018,11:07:11,Я,+447481972607,Делай срочно и будешь там кофе пить по утрам:)
18/03/2018,11:07:59,Елена,+375292965741,Есть другие нужды и их очень много(smiley)
18/03/2018,11:08:48,Елена,+375292965741,Делать будет Эдик он никому не доверяет а он сейчас занят делает у матери и уже в этот план мы не попадаем(smiley)
18/03/2018,12:11:51,Елена,+375292965741,У Антоши в комнате весна(smiley)
18/03/2018,12:11:58,Елена,+375292965741,Фото
18/03/2018,12:12:00,Елена,+375292965741,Фото
18/03/2018,12:12:03,Елена,+375292965741,Фото
18/03/2018,12:12:04,Елена,+375292965741,Фото
18/03/2018,12:12:12,Елена,+375292965741,А за окном(sad)
18/03/2018,12:12:17,Елена,+375292965741,Фото
18/03/2018,12:12:52,Елена,+375292965741,На улице минус 6-8 и такой ещё холодный ветер очень колючий.
05/04/2018,15:55:41,Елена,+375292965741,Фото
07/04/2018,14:37:11,Елена,+375292965741,Фото
08/04/2018,10:03:16,Елена,+375292965741,Фото
08/04/2018,10:31:45,Я,+447481972607,Воистину воскрес! Счастливой Пасхи!
19/05/2018,23:15:37,Я,+447481972607,[{"Type":""},{"Type":""},{"Action":{"name":"openurl","parameters":{"type":"regular","external":"true","url":"https:\/\/www.youtube.com\/watch?v=dxVXerqLKw4&feature=youtu.be"}},"Type":"vdo","ThumbnailHeight":225,"ThumbnailWidth":400,"ThumbnailUrl":"https:\/\/i.ytimg.com\/vi\/dxVXerqLKw4\/maxresdefault.jpg"},{"Type":""},{"Action":{"name":"openurl","parameters":{"type":"regular","external":"true","url":"https:\/\/www.youtube.com\/watch?v=dxVXerqLKw4&feature=youtu.be"}},"Type":"txt","Color":1470418,"Size":1,"Underline":"true","MaxLinesNumber":2,"Text":"FULL CEREMONY: Prince Harry and Meghan Markle Royal Wedding","TextSpans":"no_sp"},{"Action":{"name":"openurl","parameters":{"type":"regular","external":"true","url":"https:\/\/www.youtube.com\/watch?v=dxVXerqLKw4&feature=youtu.be"}},"Type":"txt","Color":8553090,"Size":1,"Text":"youtube.com","TextSpans":"no_sp"},{"Type":"info","PushText":"https:\/\/www.youtube.com\/watch?v=dxVXerqLKw4&feature=youtu.be","PreviewText":"https:\/\/www.youtube.com\/watch?v=dxVXerqLKw4&feature=youtu.be"}]
19/05/2018,23:15:48,Я,+447481972607,Событие😉
