﻿06/01/2018,10:04:51,Толя,+447533375076,add/TCL2KASFCms=
06/01/2018,11:05:36,Dima,+380639527505,Ахаха
06/01/2018,11:10:22,Толя,+447533375076,Діма, що смішного?
06/01/2018,12:22:41,Dima,+380639527505,Толя привіт
06/01/2018,13:59:59,Толя,+447533375076,Привіт
06/01/2018,14:00:04,Толя,+447533375076,Як справи ?
06/01/2018,14:13:10,Я,+447481972607,То добавь Илью с Димой тоже))
06/01/2018,14:24:12,Illya Tkachuk,+380985052934,add/KUOoFrtbXvU=
06/01/2018,15:55:30,Dima,+380639527505,Діма вже є
06/01/2018,15:56:07,Dima,+380639527505,Прівєт Ткачук
06/01/2018,16:22:36,Толя,+447533375076,Мама про діму старшого
06/01/2018,16:23:03,Dima,+380639527505,Я вже поняв
06/01/2018,16:34:22,Толя,+447533375076,Діма ти крли будеш дома?
06/01/2018,16:39:27,Dima,+380639527505,(straight)
06/01/2018,16:39:36,Dima,+380639527505,(what)
06/01/2018,16:47:58,Толя,+447533375076,Ти де?
06/01/2018,20:57:15,Dima,+380639527505,В селі
06/01/2018,21:00:30,Толя,+447533375076,(what) да ужжж
07/01/2018,10:34:11,Макар,+380682743705,Тольа прихоть до бабушкі сачаяе 
Будласка
07/01/2018,12:25:43,Толя,+447533375076,Привет
07/01/2018,12:25:50,Толя,+447533375076,Я прийду яле не зараз
07/01/2018,12:27:22,Dima,+380639527505,А до мене , хто прийде?
07/01/2018,12:33:21,Толя,+447533375076,Ти приїдеш самм
07/01/2018,12:36:06,Dima,+380639527505,(angry)
07/01/2018,21:23:36,Макар,+380682743705,Стикер
07/01/2018,21:23:53,Макар,+380682743705,Стикер
07/01/2018,21:24:17,Макар,+380682743705,Стикер
07/01/2018,21:25:19,Макар,+380682743705,(poo)(poo)(poo)(poo)(poo)(poo)(poo)(poo)(poo)(poo)(poo)(poo)(poo)(poo)(poo)(poo)(poo)(smiley)(poo)(poo)(poo)(poo)(poo)(poo)(poo)(poo)(poo)(poo)(poo)(poo)(poo)(poo)(poo)(poo)(poo)(poo)(poo)(poo)(poo)(poo)(poo)(poo)(poo)(poo)(poo)(poo)(poo)(poo)(poo)(poo)(poo)(poo)(poo)(poo)(poo)(poo)(poo)(poo)(poo)(poo)(poo)(poo)(poo)(poo)(poo)(poo)(poo)(poo)(poo)(poo)(poo)(poo)(poo)(poo)(poo)(poo)(poo)(poo)(poo)(poo)(poo)(poo)(poo)(poo)(poo)(poo)(poo)(poo)(poo)(poo)
07/01/2018,21:26:15,Макар,+380682743705,Стикер
07/01/2018,21:27:12,Макар,+380682743705,Стикер
08/01/2018,15:00:58,Толя,+447533375076,Фото
08/01/2018,16:43:54,Я,+447481972607,Стикер
09/01/2018,13:27:39,Dima,+380639527505,Стикер
09/01/2018,13:32:00,Толя,+447533375076,Стикер
09/01/2018,13:38:59,Толя,+447533375076,Стикер
09/01/2018,13:50:08,Dima,+380639527505,Я зараз через 20 (хв)
09/01/2018,14:30:46,Dima,+380639527505,Ілля молодець
09/01/2018,14:30:54,Dima,+380639527505,А я ні
09/01/2018,14:31:12,Толя,+447533375076,Стикер
09/01/2018,14:32:55,Dima,+380639527505,Голосовое сообщение
09/01/2018,14:33:21,Dima,+380639527505,Голосовое сообщение
09/01/2018,14:34:15,Dima,+380639527505,Повірьте мені це ілля написав
09/01/2018,14:35:29,Толя,+447533375076,message_deleted/QulnPZhg0#Cc=
15/01/2018,15:47:05,Толя,+447533375076,Діма а де це ти на аві?
15/01/2018,15:49:12,Dima,+380639527505,Біля  12 школи
15/01/2018,16:17:36,Толя,+447533375076,Ааа
17/01/2018,20:56:06,Dima,+380639527505,message_deleted/Zoxs4tvEmx8=
30/01/2018,06:44:28,Толя,+447533375076,Світло пропало,  от блін,
30/01/2018,17:00:09,Dima,+380639527505,Де Світло пропало
30/01/2018,17:22:31,Толя,+447533375076,В діда толіка
30/01/2018,17:23:33,Dima,+380639527505,Ааа
30/01/2018,17:23:49,Толя,+447533375076,Вже появилось
30/01/2018,17:23:55,Толя,+447533375076,Довго не було
30/01/2018,17:24:29,Dima,+380639527505,(mad)
30/01/2018,17:24:49,Толя,+447533375076,Шо таке.?)
30/01/2018,17:26:31,Dima,+380639527505,(what) нічього
30/01/2018,17:27:30,Dima,+380639527505,Я роблю урокі
30/01/2018,17:27:38,Толя,+447533375076,Я заважаю?)
30/01/2018,17:27:49,Dima,+380639527505,Да
30/01/2018,17:28:07,Толя,+447533375076,Добре, не буду,  роби
30/01/2018,17:28:14,Dima,+380639527505,Тепер знов
30/01/2018,17:30:28,Dima,+380639527505,Шо природа задана
30/01/2018,17:30:32,Dima,+380639527505,(smiley)
30/01/2018,17:31:03,Толя,+447533375076,Роби-роби☺
30/01/2018,17:31:18,Dima,+380639527505,Стикер
30/01/2018,17:49:12,Dima,+380639527505,Все зробив👌
30/01/2018,17:49:31,Dima,+380639527505,message_deleted/Zoxs4tvEmx8=
30/01/2018,17:49:39,Толя,+447533375076,Чім тепер займешся?
30/01/2018,17:50:14,Dima,+380639527505,(not_sure) незнаю
30/01/2018,17:50:20,Dima,+380639527505,?
30/01/2018,17:51:28,Толя,+447533375076,Ну подумай
30/01/2018,17:52:43,Dima,+380639527505,1.)  відпочинку
2.) поїм
3.) поіграю
30/01/2018,17:53:28,Толя,+447533375076,Хаха
30/01/2018,17:54:02,Толя,+447533375076,Ну валяй
30/01/2018,17:54:16,Dima,+380639527505,(angry)
30/01/2018,17:54:28,Толя,+447533375076,Що сталось?
30/01/2018,17:54:40,Dima,+380639527505,message_deleted/Zoxs4tvEmx8=
30/01/2018,17:55:05,Dima,+380639527505,Стикер
30/01/2018,17:55:28,Толя,+447533375076,Ахаха
30/01/2018,17:55:35,Dima,+380639527505,Стикер
30/01/2018,17:56:22,Толя,+447533375076,Малявка
30/01/2018,18:09:35,Dima,+380639527505,Сам такій
30/01/2018,18:09:52,Толя,+447533375076,Куряга
30/01/2018,18:10:10,Dima,+380639527505,Стикер
30/01/2018,18:10:33,Толя,+447533375076,Стикер
30/01/2018,18:11:07,Dima,+380639527505,Переведи
30/01/2018,18:11:32,Толя,+447533375076,Стережись
30/01/2018,18:11:54,Dima,+380639527505,😂
18/02/2018,15:05:49,Макар,+380682743705,(money)(money)(money)(money)(money)(money)(money)(money)(money)(money)(money)(money)(money)(money)(money)(money)(money)(money)(money)(money)(smiley)(smiley)(smiley)(smiley)(smiley)(smiley)(smiley)(smiley)(smiley)(smiley)(smiley)(smiley)(smiley)(smiley)(smiley)(smiley)(smiley)(smiley)(smiley)(smiley)
18/02/2018,22:19:26,Dima,+380639527505,Привіт!
09/03/2018,12:18:10,Dima,+380639527505,Плюс в чат як що Ілля лох
09/03/2018,12:19:31,Illya Tkachuk,+380985052934,Мінус
09/03/2018,12:21:26,Dima,+380639527505,message_deleted/Zoxs4tvEmx8=
09/03/2018,12:21:49,Dima,+380639527505,Плюс
09/03/2018,12:43:55,Толя,+447533375076,Хаха
17/03/2018,08:41:10,Dima,+380639527505,Плюс Плюс Плюс Плюс Плюс
20/03/2018,13:19:49,Dima,+380639527505,Хто в паладію іграх буде
20/03/2018,13:20:04,unknown,+380678706102,add/Cx73AJW3L8k=
20/03/2018,13:20:20,Толя,+447533375076,Фото
20/03/2018,13:20:44,Толя,+447533375076,Я ні
20/03/2018,13:21:15,Dima,+380639527505,Толя ну ти і помінявся
20/03/2018,13:21:54,Ірена,+380936740881,add/Q1AGmZ0AeBY=
20/03/2018,13:24:17,Толя,+447533375076,Якак жросла шутка
20/03/2018,13:24:30,Dima,+380639527505,Видео
20/03/2018,13:28:32,Толя,+447533375076,. Бачив
20/03/2018,13:30:21,Толя,+447533375076,Чого сміялись?
20/03/2018,13:36:11,Dima,+380639527505,Еее😐
20/03/2018,13:36:25,Dima,+380639527505,(confused)
20/03/2018,13:39:12,Dima,+380639527505,Толя ти точно не будет іграх в паладінс
20/03/2018,13:39:34,Dima,+380639527505,message_deleted/Zoxs4tvEmx8=
20/03/2018,13:39:47,Dima,+380639527505,Будиш
20/03/2018,13:40:21,Толя,+447533375076,Ну блін.. я на роботі
20/03/2018,13:41:23,Dima,+380639527505,Ааа клас(eek)
20/03/2018,13:42:12,Толя,+447533375076,Фото
20/03/2018,13:42:29,Толя,+447533375076,Школота.. нада?
20/03/2018,13:57:54,Dima,+380639527505,Шо?
20/03/2018,13:58:05,Dima,+380639527505,Стикер
20/03/2018,13:58:18,Толя,+447533375076,Лінійка  з калькулятором
20/03/2018,13:58:45,Dima,+380639527505,Аааа(smiley)(wink)
20/03/2018,13:58:49,Dima,+380639527505,(flirt)
20/03/2018,13:59:37,Толя,+447533375076,Нну так шо?
20/03/2018,14:01:02,Dima,+380639527505,Може коли прийдеш до дому то поиграем і з Макаров і тобой
20/03/2018,14:01:55,Dima,+380639527505,Бо скучно самом іграть
20/03/2018,14:02:25,Толя,+447533375076,Може коли я прийду до дому ви вже спать будете
20/03/2018,14:02:37,Толя,+447533375076,Так що на рахунок лініцки
20/03/2018,14:03:47,Dima,+380639527505,Шо за лініцка
20/03/2018,14:03:49,Dima,+380639527505,?
20/03/2018,14:38:17,Толя,+447533375076,Ти ти шо зовсім?
20/03/2018,15:56:31,Dima,+380639527505,message_deleted/Zoxs4tvEmx8=
20/03/2018,15:57:14,Dima,+380639527505,Стикер
20/03/2018,15:57:28,Толя,+447533375076,Що?
20/03/2018,15:59:06,Dima,+380639527505,Нічьо(mad)
20/03/2018,15:59:37,Толя,+447533375076,Ну все ясно
06/04/2018,06:53:13,Dima,+380639527505,Ей данубіус (teeth)
06/04/2018,08:21:49,Dima,+380639527505,Ахах! 😅
06/04/2018,18:00:30,Я,+447481972607,Зв1дки ти Дима такое слово знаешь?
06/04/2018,18:02:38,Dima,+380639527505,Це з ігри в Толіка тій нік
06/04/2018,18:04:10,Я,+447481972607,Ааааа. А то в Лондоне так одна гостиница называется и район. Я думаю як ти узнав😂😂
06/04/2018,18:06:12,Dima,+380639527505,В мене новимй чіхол
06/04/2018,18:06:34,Я,+447481972607,Для планшета?
06/04/2018,18:07:03,Dima,+380639527505,Ні для 📱
06/04/2018,18:07:15,Я,+447481972607,Класс
06/04/2018,18:07:29,Я,+447481972607,Для планшета тоже нада
06/04/2018,18:08:54,Dima,+380639527505,То я хотів але як називається  ну модель яка?
06/04/2018,18:09:20,Я,+447481972607,Так на нем написано
06/04/2018,18:10:18,Толя,+447533375076,На ньом вже може здерли. А в  настройках точно є
06/04/2018,18:10:39,Я,+447481972607,Толя а ты не помнишь?
06/04/2018,18:10:57,Я,+447481972607,Самсунг наверное
06/04/2018,18:11:15,Dima,+380639527505,Ну самсунг шо один самсунг на всій планеті
06/04/2018,18:12:01,Dima,+380639527505,Шо і тіліфони самсунгі
06/04/2018,18:12:35,Dima,+380639527505,Є
06/04/2018,18:13:33,Я,+447481972607,А ты погугли в интернете планшет Самсунг и он тебемвыдаст картинки  . А под ними какая модель . Найдешь свой и узнаешь
06/04/2018,18:13:43,Я,+447481972607,Как тебе идея?
06/04/2018,18:14:22,Я,+447481972607,Или пусть кто то из взрослых в настройках смотрит
06/04/2018,18:15:38,Dima,+380639527505,Добре пошукаю
06/04/2018,18:16:58,Dima,+380639527505,То вже дивились ніхто нічього не ненашов
06/04/2018,18:17:57,Толя,+447533375076,Намтройки>інформація про устройство
06/04/2018,18:18:22,Толя,+447533375076,З самого низу
06/04/2018,18:18:30,Толя,+447533375076,Списка настройок
06/04/2018,18:18:42,Dima,+380639527505,Та вже дивились в настройки
06/04/2018,18:18:47,Dima,+380639527505,!
06/04/2018,18:19:09,Толя,+447533375076,Спіпі чи що
06/04/2018,18:37:37,Dima,+380639527505,Я вже дивлю 2 сезон 425 серію Наруто
06/04/2018,19:18:55,Я,+447481972607,И что им там дивишься так довго?
06/04/2018,20:13:52,Толя,+447533375076,На Наруто  дивиться!
425 серія 2 сезона????
Як ти вспів ?
07/04/2018,13:46:21,Dima,+380639527505,Так
07/04/2018,13:47:26,Dima,+380639527505,Я посто по п'ять серій за день дивлюся
07/04/2018,13:47:33,Dima,+380639527505,(smiley)
07/04/2018,13:47:43,Толя,+447533375076,На чому ти зараз?
07/04/2018,13:48:50,Dima,+380639527505,Як це на чому?
07/04/2018,13:49:04,Толя,+447533375076,Що в серії?
07/04/2018,13:49:49,Dima,+380639527505,Що дивлюся, так
07/04/2018,13:50:27,Толя,+447533375076,Потім обясню
07/04/2018,13:50:52,Dima,+380639527505,Ладно
07/04/2018,14:22:21,Dima,+380639527505,Обяснюй
07/04/2018,15:44:50,Толя,+447533375076,Обяснюю. Мені цікаво .  Що зраз робить наруто там де ти дивишся
07/04/2018,19:09:19,Dima,+380639527505,Мадара украла в Обіто або тобі 2 ранеґан
07/04/2018,19:09:56,Dima,+380639527505,Да я правильно сказав
07/04/2018,19:10:07,Dima,+380639527505,(oh)
07/04/2018,19:10:49,Я,+447481972607,Крутоо
07/04/2018,19:10:58,Illya Tkachuk,+380985052934,Фото
07/04/2018,19:11:08,Я,+447481972607,Там война повним ходом
07/04/2018,19:12:20,Dima,+380639527505,(sad)мені таку принисеш?
07/04/2018,19:12:59,Illya Tkachuk,+380985052934,Ти ж в селі
07/04/2018,19:13:05,Dima,+380639527505,Де война повним ходом
07/04/2018,19:13:20,Dima,+380639527505,А ну да😞
07/04/2018,19:16:12,Dima,+380639527505,Всі вийшли(sad)
07/04/2018,19:20:49,Макар,+380682743705,Ну клас
07/04/2018,19:21:43,Dima,+380639527505,Я не понімю
07/04/2018,19:23:09,Толя,+447533375076,3 велика війна ніндзя
07/04/2018,19:23:27,Макар,+380682743705,Тичо
07/04/2018,19:25:00,Dima,+380639527505,Да
07/04/2018,19:31:08,Illya Tkachuk,+380985052934,Тітко Наташа
07/04/2018,19:31:31,Illya Tkachuk,+380985052934,Мій однокласник такі самі штани хоче як ви мені передали
07/04/2018,19:31:59,Illya Tkachuk,+380985052934,Ви скажете скількі такі коштують?
07/04/2018,19:32:16,Illya Tkachuk,+380985052934,І чі маєте ви змогу купити такі?
07/04/2018,19:32:43,Я,+447481972607,Думаешь я помню як1
07/04/2018,19:33:08,Я,+447481972607,Джинсы или спортивн1?
07/04/2018,19:33:09,Illya Tkachuk,+380985052934,Зелені
07/04/2018,19:33:13,Illya Tkachuk,+380985052934,З манжетами
07/04/2018,19:33:44,Я,+447481972607,Я думаю прямо таких я вже не куплю
07/04/2018,19:34:05,Я,+447481972607,Можу глянути друг1
07/04/2018,19:39:26,Illya Tkachuk,+380985052934,Добре
07/04/2018,19:39:50,Illya Tkachuk,+380985052934,Як шо нескладно то скіньте іото
07/04/2018,19:39:53,Illya Tkachuk,+380985052934,Дякую
07/04/2018,19:39:55,Я,+447481972607,Они около 17 фунтов
07/04/2018,19:40:01,Illya Tkachuk,+380985052934,Угу
07/04/2018,19:40:04,Я,+447481972607,Ок сфоткаю
07/04/2018,19:40:50,Я,+447481972607,Размер какой у друга?
07/04/2018,19:44:07,Illya Tkachuk,+380985052934,Я спитаю
07/04/2018,19:44:24,Illya Tkachuk,+380985052934,На розмір більші за мої
08/04/2018,06:53:49,Dima,+380639527505,Я тоже хочу(teary)
08/04/2018,06:58:29,Dima,+380639527505,Баба Наташа ви мені не сказали де война повним ходом
08/04/2018,08:57:12,Толя,+447533375076,В наруто
08/04/2018,11:00:27,Dima,+380639527505,Ооо уже поняв
13/04/2018,00:45:42,Толя,+447533375076,Фото
13/04/2018,00:47:14,unknown,+380969945111,add/FG4LlHjh2dI=
13/04/2018,08:18:48,Dima,+380639527505,Добрий ранок
13/04/2018,08:20:57,Dima,+380639527505,Я пішов пить(beer)
13/04/2018,08:21:19,Dima,+380639527505,Ой тоісьть(coffee)
13/04/2018,08:39:14,Толя,+447533375076,message_deleted/QulnPZhg0#Cc=
13/04/2018,08:44:00,Dima,+380639527505,Я даже не побачив
20/04/2018,07:38:42,Dima,+380639527505,message_deleted/Zoxs4tvEmx8=
20/04/2018,07:39:18,Dima,+380639527505,Прівєт
20/04/2018,12:16:08,Толя,+447533375076,Привет
20/04/2018,21:10:18,Макар,+380682743705,Фото
20/04/2018,21:11:22,Макар,+380682743705,Местоположение
20/04/2018,21:17:45,Толя,+447533375076,Хоч такий револьвер?
20/04/2018,21:19:05,Dima,+380639527505,Да!!!!! 😁
20/04/2018,21:19:53,Я,+447481972607,А Макар?
20/04/2018,21:20:20,Dima,+380639527505,Тоже!!!!
29/04/2018,15:08:59,Ірена,+380936740881,Фото
29/04/2018,15:09:02,Ірена,+380936740881,Фото
29/04/2018,15:09:04,Ірена,+380936740881,Фото
29/04/2018,15:09:05,Ірена,+380936740881,Фото
29/04/2018,15:09:07,Ірена,+380936740881,Фото
29/04/2018,15:09:09,Ірена,+380936740881,Фото
29/04/2018,15:09:11,Ірена,+380936740881,Фото
29/04/2018,15:09:13,Ірена,+380936740881,Фото
29/04/2018,15:09:14,Ірена,+380936740881,Фото
29/04/2018,15:09:16,Ірена,+380936740881,Фото
29/04/2018,15:09:18,Ірена,+380936740881,Фото
29/04/2018,15:09:19,Ірена,+380936740881,Фото
29/04/2018,15:09:21,Ірена,+380936740881,Фото
29/04/2018,15:09:24,Ірена,+380936740881,Фото
29/04/2018,15:09:25,Ірена,+380936740881,Фото
29/04/2018,15:13:00,Толя,+447533375076,Барса?
29/04/2018,15:13:05,Толя,+447533375076,Спавжня?
29/04/2018,15:13:57,Ірена,+380936740881,Даааа
29/04/2018,15:14:03,Ірена,+380936740881,Їх автобус
29/04/2018,15:14:16,Ірена,+380936740881,Діма і всередині був
29/04/2018,15:14:27,Ірена,+380936740881,Сказав нічого особливого
29/04/2018,15:16:52,Толя,+447533375076,А вони де?
29/04/2018,15:17:44,Ірена,+380936740881,Хз, в них такіх атовбусів кучя
02/05/2018,11:39:39,Толя,+447533375076,Фото
02/05/2018,15:28:05,Ірена,+380936740881,Там   18+ пише
02/05/2018,15:47:12,Толя,+447533375076,То не то...
02/05/2018,16:08:20,Ірена,+380936740881,Ашо?
02/05/2018,16:09:07,Толя,+447533375076,Там не пише +   це щось інше
02/05/2018,19:23:38,Ірена,+380936740881,Ааааа
02/05/2018,20:10:43,Dima,+380639527505,Мені!!!
02/05/2018,20:16:41,Толя,+447533375076,Ооо
02/05/2018,20:16:55,Толя,+447533375076,Ато мовчать
02/05/2018,20:17:15,Dima,+380639527505,То мені можна?
02/05/2018,20:17:33,Толя,+447533375076,Канечно
02/05/2018,20:19:15,Толя,+447533375076,Якого тобі кольору?
02/05/2018,20:19:56,Dima,+380639527505,А які там кольорами?
02/05/2018,20:23:05,Толя,+447533375076,Чорний.
02/05/2018,20:23:38,Dima,+380639527505,І всьо
02/05/2018,20:23:42,Толя,+447533375076,Так
02/05/2018,20:24:03,Dima,+380639527505,То такій давай
02/05/2018,20:24:10,Толя,+447533375076,На
02/05/2018,20:24:18,Толя,+447533375076,Добре діма
02/05/2018,20:24:31,Толя,+447533375076,Заявка пиинята. Один чорний дитячий арбалет
02/05/2018,20:24:44,Толя,+447533375076,100 м дальність стрільби
02/05/2018,20:24:53,Dima,+380639527505,Клас!!!
02/05/2018,20:25:01,Dima,+380639527505,Оооооо!
02/05/2018,20:25:22,Толя,+447533375076,(cool)
02/05/2018,20:25:55,Ірена,+380936740881,Кашмар
02/05/2018,20:26:18,Ірена,+380936740881,А очі рапасні там в наборі є?
02/05/2018,20:26:24,Ірена,+380936740881,Запасні
02/05/2018,20:26:42,Dima,+380639527505,Буду маму з вікна стрелять
02/05/2018,20:26:51,Толя,+447533375076,Хахаха
02/05/2018,20:29:04,Ірена,+380936740881,Буде той арбалет разом з тим пісталетом- зажигалкой лежати
02/05/2018,20:40:49,Толя,+447533375076,Хм
02/05/2018,20:40:56,Толя,+447533375076,Якщо так то це погано
11/05/2018,14:48:09,Толя,+447533375076,Фото
11/05/2018,14:48:31,Толя,+447533375076,кого ця маска?
11/05/2018,14:49:09,Толя,+447533375076,Фото
11/05/2018,16:26:48,Dima,+380639527505,Тобі--обіто
11/05/2018,16:58:45,Толя,+447533375076,похожа тобі вона на обітт маску?
11/05/2018,17:00:04,Dima,+380639527505,На 7 із 10
11/05/2018,17:00:23,Толя,+447533375076,ну це якась  інша
11/05/2018,17:00:37,Dima,+380639527505,(sad)
11/05/2018,17:01:39,unknown,+380969945111,Привет
11/05/2018,17:01:57,Dima,+380639527505,Стикер
11/05/2018,17:02:15,unknown,+380969945111,Як справи?
11/05/2018,17:02:25,Dima,+380639527505,Норма
11/05/2018,17:02:34,unknown,+380969945111,Вмене теж
11/05/2018,17:02:54,unknown,+380969945111,Шо робиш?
11/05/2018,17:02:55,Dima,+380639527505,Що робиш
11/05/2018,17:03:05,unknown,+380969945111,Я перший написав
11/05/2018,17:03:24,Dima,+380639527505,Жму лізуна
11/05/2018,17:03:40,unknown,+380969945111,Круто
11/05/2018,17:03:56,unknown,+380969945111,А я стобойю переписуюсь
11/05/2018,17:04:24,Dima,+380639527505,Ну шо поробиш
11/05/2018,17:04:37,unknown,+380969945111,Ну да Ну да
11/05/2018,17:04:49,unknown,+380969945111,message_deleted/FG4LlHjh2dI=
11/05/2018,17:05:09,Dima,+380639527505,Єєє боой!
11/05/2018,17:05:20,unknown,+380969945111,Хоч секрет
11/05/2018,17:05:28,unknown,+380969945111,?
11/05/2018,17:05:40,Толя,+447533375076,я хоч3
11/05/2018,17:05:49,Dima,+380639527505,Да
11/05/2018,17:05:55,Толя,+447533375076,Фото
11/05/2018,17:06:34,unknown,+380969945111,Я хотів написати шо то маска хижака з aliens vs predator
11/05/2018,17:06:37,Dima,+380639527505,І шо в мами тоже є і свій
11/05/2018,17:07:04,Толя,+447533375076,там є хижак так
11/05/2018,17:07:08,Толя,+447533375076,а друга?
11/05/2018,17:07:31,Dima,+380639527505,Я не розумію вас
11/05/2018,17:07:40,unknown,+380969945111,а другу не знаю
11/05/2018,17:10:01,unknown,+380969945111,решив в гуглі пошукати
11/05/2018,17:10:15,unknown,+380969945111,там є функція пошук по фото
11/05/2018,17:10:27,unknown,+380969945111,а мені фанеру показує
11/05/2018,17:12:38,Dima,+380639527505,Пошукав
11/05/2018,17:13:09,unknown,+380969945111,Фото
11/05/2018,17:50:52,unknown,+380678706102,Ця друга маска Дестроук
11/05/2018,17:51:08,unknown,+380678706102,Його вроде так звать
11/05/2018,17:51:14,unknown,+380678706102,Но це не точно
11/05/2018,21:01:17,Толя,+447533375076,діти дивіться сюди!
покажу на життєвому  прикладі, чому треба пам'ятати про техніку безпеки під час використання   ножів, та хололнох зброї.
11/05/2018,21:01:40,Толя,+447533375076,Фото
11/05/2018,21:02:33,Толя,+447533375076,ножа неправильно тримав
11/05/2018,21:03:02,Толя,+447533375076,'крокодила ганді'
11/05/2018,21:03:07,unknown,+380969945111,А як це сталось?
11/05/2018,21:04:25,Толя,+447533375076,був необережний  з клинком  цесталось так бистро що я не зрозумів
11/05/2018,21:04:52,Толя,+447533375076,я найду вам правила користування  і з вами перечитаю
11/05/2018,21:05:02,unknown,+380969945111,А цей ніж роскладний?
11/05/2018,21:05:10,Толя,+447533375076,ганді...
11/05/2018,21:05:18,Толя,+447533375076,35 см
11/05/2018,21:05:32,Толя,+447533375076,х6
11/05/2018,21:05:35,Толя,+447533375076,см
11/05/2018,21:06:19,Толя,+447533375076,Фото
11/05/2018,21:06:20,Толя,+447533375076,Фото
11/05/2018,21:06:57,Толя,+447533375076,космічні  кораблі з переліку арбалетів
11/05/2018,21:07:20,unknown,+380969945111,Тобто?
11/05/2018,21:07:32,Толя,+447533375076,найкращі арбалети
11/05/2018,21:07:44,unknown,+380969945111,А круто
11/05/2018,21:07:44,Толя,+447533375076,Фото
11/05/2018,21:08:15,Толя,+447533375076,Стикер
11/05/2018,21:09:36,Толя,+447533375076,так чия то маска вишукали???
11/05/2018,21:10:16,Толя,+447533375076,хто куда мріє літом ?
11/05/2018,21:10:21,unknown,+380969945111,Женя каже Дестроук
11/05/2018,21:10:41,unknown,+380969945111,Вроді він
11/05/2018,21:12:11,Толя,+447533375076,тільки так дефстроук
11/05/2018,21:12:30,unknown,+380969945111,Аааааа!
11/05/2018,21:12:36,unknown,+380969945111,Понятно
11/05/2018,21:12:38,Толя,+447533375076,Жень ти бачив кіно?
11/05/2018,21:13:17,Толя,+447533375076,пізно  вже
11/05/2018,23:59:18,unknown,+380678706102,Яке?
11/05/2018,23:59:41,Толя,+447533375076,ти чо не спиш??
11/05/2018,23:59:54,Толя,+447533375076,а ну бігом
12/05/2018,00:00:13,unknown,+380678706102,Біжу
12/05/2018,00:00:35,Толя,+447533375076,завтра покажу цяцьку класну
12/05/2018,00:00:57,unknown,+380678706102,Інтрига
12/05/2018,00:00:58,unknown,+380678706102,Ммм
12/05/2018,00:01:12,unknown,+380678706102,Добраніч
12/05/2018,00:01:35,unknown,+380678706102,Я спати
12/05/2018,00:02:05,Толя,+447533375076,добраніч
12/05/2018,08:06:11,Dima,+380639527505,Добрий ранок
12/05/2018,08:11:42,Dima,+380639527505,message_deleted/Zoxs4tvEmx8=
12/05/2018,08:12:40,Dima,+380639527505,Я придумав вірш. Гакі-макі-лакі-чякі а на вулиці мань'які!
12/05/2018,08:28:26,unknown,+380969945111,Які манйякі?
12/05/2018,08:28:42,unknown,+380969945111,З мачете чи бензопилой?
12/05/2018,08:34:15,Dima,+380639527505,message_deleted/Zoxs4tvEmx8=
12/05/2018,08:34:49,Dima,+380639527505,Джейсон вурхіс
12/05/2018,08:37:16,unknown,+380969945111,Поняв
12/05/2018,08:37:20,unknown,+380969945111,Поняв
12/05/2018,08:38:56,Dima,+380639527505,А віршик понравився
12/05/2018,08:39:14,unknown,+380969945111,Конечно
12/05/2018,08:39:44,unknown,+380969945111,null
12/05/2018,08:40:50,Dima,+380639527505,null
12/05/2018,08:41:29,unknown,+380969945111,null
12/05/2018,08:41:32,Dima,+380639527505,null
12/05/2018,08:41:49,unknown,+380969945111,null
12/05/2018,08:43:23,Dima,+380639527505,null
12/05/2018,08:44:01,unknown,+380969945111,Яка в нас розумна розмова
12/05/2018,08:45:22,Dima,+380639527505,це точно
12/05/2018,08:45:38,unknown,+380969945111,Ну тож да
12/05/2018,08:46:30,Dima,+380639527505,ДТП
12/05/2018,08:46:56,unknown,+380969945111,Не зрозумів
12/05/2018,08:47:15,Dima,+380639527505,Детепе
12/05/2018,08:47:25,Dima,+380639527505,Стикер
12/05/2018,08:47:35,unknown,+380969945111,Шо детепе?
12/05/2018,08:47:43,unknown,+380969945111,Стикер
12/05/2018,08:47:47,Dima,+380639527505,Стикер
12/05/2018,08:47:56,Dima,+380639527505,Стикер
12/05/2018,08:47:56,unknown,+380969945111,Стикер
12/05/2018,08:48:04,unknown,+380969945111,Стикер
12/05/2018,08:48:20,Dima,+380639527505,Стикер
12/05/2018,08:48:29,unknown,+380969945111,Стикер
12/05/2018,08:48:31,Dima,+380639527505,Стикер
12/05/2018,08:48:38,unknown,+380969945111,Стикер
12/05/2018,08:48:54,Dima,+380639527505,Стикер
12/05/2018,08:49:06,unknown,+380969945111,Ну добре я піду поїм
12/05/2018,08:50:15,Dima,+380639527505,Діма ти про а Ілля лох
12/05/2018,08:50:34,unknown,+380969945111,Шо є то є
12/05/2018,08:51:13,Dima,+380639527505,Стикер
12/05/2018,08:51:23,Dima,+380639527505,Стикер
12/05/2018,08:51:23,Dima,+380639527505,Стикер
12/05/2018,08:51:54,unknown,+380969945111,Стикер
12/05/2018,08:52:00,unknown,+380969945111,Стикер
12/05/2018,08:52:04,unknown,+380969945111,Стикер
12/05/2018,08:52:53,Dima,+380639527505,Стикер
12/05/2018,08:53:16,unknown,+380969945111,Все я йду їсти!!!
12/05/2018,09:01:58,Dima,+380639527505,Я тоже
12/05/2018,09:55:02,Толя,+447533375076,і я
12/05/2018,09:55:36,Толя,+447533375076,Фото
12/05/2018,09:57:58,unknown,+380969945111,Крутий лук
12/05/2018,09:58:26,unknown,+380969945111,Я книжку зараз читаю
12/05/2018,09:58:46,Толя,+447533375076,яку
12/05/2018,09:59:04,unknown,+380969945111,"Скидбладнир
12/05/2018,09:59:22,Толя,+447533375076,який жанр?
12/05/2018,09:59:26,unknown,+380969945111,Жостка книжка
12/05/2018,10:00:17,unknown,+380969945111,Я її читав тоді було 3 книжкаа
12/05/2018,10:00:29,unknown,+380969945111,книжки
12/05/2018,10:00:52,unknown,+380969945111,Зараз здається чи 5 чи 6
12/05/2018,10:05:57,unknown,+380969945111,Фентезі,LitRpg
12/05/2018,10:06:09,Толя,+447533375076,я вже читаю 
12/05/2018,10:06:17,unknown,+380969945111,Добре
12/05/2018,10:58:03,unknown,+380969945111,Ну як?0
12/05/2018,11:05:53,Толя,+447533375076,ну норм
12/05/2018,11:07:53,Толя,+447533375076,Фото
12/05/2018,11:15:08,unknown,+380969945111,Ти його купив?
12/05/2018,11:15:16,unknown,+380969945111,Ну лук?
12/05/2018,11:56:06,Толя,+447533375076,дали пограться якщо зможу зібрати.
12/05/2018,11:59:37,unknown,+380969945111,Круто тобі
12/05/2018,12:00:05,unknown,+380969945111,null
12/05/2018,12:01:00,Толя,+447533375076,треба і вам луки придумати
12/05/2018,12:01:18,Толя,+447533375076,але у вас всіх різна сила
12/05/2018,12:01:24,unknown,+380969945111,Тобто придумати?
12/05/2018,12:01:33,unknown,+380969945111,То бери арбалет
12/05/2018,12:01:49,unknown,+380969945111,Там сила не така важлива
12/05/2018,12:01:51,Dima,+380639527505,Мені тоже
12/05/2018,12:02:07,Толя,+447533375076,ще й як важлива
12/05/2018,12:02:28,unknown,+380969945111,Тобто?
12/05/2018,12:02:45,Толя,+447533375076,тітіву на нього треба натягти
12/05/2018,12:02:55,Толя,+447533375076,і зарядити болт
12/05/2018,12:03:11,unknown,+380969945111,А ну да
12/05/2018,12:03:13,Толя,+447533375076,чим потужніший тим складніше.
12/05/2018,12:03:16,Dima,+380639527505,Мені арбалет! (muscle)
12/05/2018,12:03:33,unknown,+380969945111,То візьми охотничу рогатку
12/05/2018,12:03:54,Толя,+447533375076,мисливську
12/05/2018,12:03:54,Dima,+380639527505,Ти іздіваєшся
12/05/2018,12:04:16,Толя,+447533375076,в нас є бомбезні рогатки
12/05/2018,12:04:27,Толя,+447533375076,чоти гонеш дімчик
12/05/2018,12:04:33,unknown,+380969945111,Фото
12/05/2018,12:04:52,Толя,+447533375076,що це за
12/05/2018,12:05:39,unknown,+380969945111,Не знаю
12/05/2018,12:05:54,unknown,+380969945111,В інтернеті тількішо глянув
12/05/2018,12:06:14,Dima,+380639527505,message_deleted/Zoxs4tvEmx8=
12/05/2018,12:06:30,unknown,+380969945111,message_deleted/FG4LlHjh2dI=
12/05/2018,12:08:35,Толя,+447533375076,added_as_admin/TCL2KASFCms=
12/05/2018,12:09:29,unknown,+380969945111,Зайшов в іформацію о групі
12/05/2018,12:09:40,Толя,+447533375076,я адмін
12/05/2018,12:09:48,Толя,+447533375076,іллю в бан
12/05/2018,12:09:56,unknown,+380969945111,Я зробив тебе адміном
12/05/2018,12:10:15,unknown,+380969945111,Там нікого  не було
12/05/2018,12:10:18,unknown,+380969945111,Я став
12/05/2018,12:10:25,unknown,+380969945111,І зробив вас
12/05/2018,12:10:43,unknown,+380969945111,А Лілю не хоче робити
12/05/2018,12:11:11,unknown,+380969945111,Іллю а не Лілю
12/05/2018,12:12:10,Толя,+447533375076,лілю
12/05/2018,12:13:25,unknown,+380969945111,Тож да
12/05/2018,12:15:11,Dima,+380639527505,Де адмін в якій ігрі?
12/05/2018,12:15:45,Толя,+447533375076,лол
12/05/2018,12:16:02,Dima,+380639527505,Ааа
12/05/2018,12:16:11,Толя,+447533375076,лол
12/05/2018,12:16:19,Толя,+447533375076,(happycry)
12/05/2018,12:16:32,Толя,+447533375076,адмін в цій групі
12/05/2018,12:16:48,Толя,+447533375076,лол значить -- сміюсь в голос
12/05/2018,12:16:50,Dima,+380639527505,Я поняв
12/05/2018,12:17:02,Dima,+380639527505,Да
12/05/2018,12:17:14,Dima,+380639527505,Стикер
12/05/2018,12:20:26,Dima,+380639527505,Фото
12/05/2018,12:20:58,Толя,+447533375076,аля респект 90'х
12/05/2018,12:21:31,Dima,+380639527505,Це Діма
12/05/2018,12:26:55,unknown,+380969945111,А чого в мене цепочка на лобі
12/05/2018,12:26:57,unknown,+380969945111,?
12/05/2018,12:30:48,Dima,+380639527505,Ти так зробив
12/05/2018,12:32:22,unknown,+380969945111,Я?
12/05/2018,12:33:25,Толя,+447533375076,ахах
12/05/2018,12:33:30,Толя,+447533375076,тож ти на фото...
12/05/2018,12:33:44,Толя,+447533375076,знпчить і ціп сам повісив
12/05/2018,12:36:20,unknown,+380969945111,Понятно
12/05/2018,12:36:44,Толя,+447533375076,треба обстріляли  лука
12/05/2018,12:39:44,unknown,+380969945111,message_deleted/FG4LlHjh2dI=
12/05/2018,12:39:53,unknown,+380969945111,message_deleted/FG4LlHjh2dI=
12/05/2018,13:37:10,Толя,+447533375076,не вийшло постриляти
12/05/2018,13:37:49,Толя,+447533375076,закон каже. якщо я дістану лук в публічному місці мене заарешуюить
17/05/2018,20:12:50,Толя,+447533375076,Фото
23/05/2018,15:26:42,Толя,+447533375076,Фото
23/05/2018,15:27:03,Толя,+447533375076,Фото
23/05/2018,15:27:16,Толя,+447533375076,Фото
23/05/2018,15:27:31,Толя,+447533375076,Фото
23/05/2018,16:01:18,Ірена,+380936740881,Шо це іграшки?
23/05/2018,16:01:35,Толя,+447533375076,так
23/05/2018,16:01:52,Толя,+447533375076,воздушки
23/05/2018,16:52:10,Ірена,+380936740881,Прикольні
23/05/2018,16:55:48,Толя,+447533375076,штани дітям нада крепкі в хакі кольорах
23/05/2018,16:56:07,Толя,+447533375076,Фото
23/05/2018,16:56:34,Dima,+380639527505,Мені мені будь ласочка!
23/05/2018,16:56:39,Ірена,+380936740881,Та в них цих штанів
23/05/2018,16:57:13,Ірена,+380936740881,Діма От тількі хакі штанів в тебе нема
23/05/2018,17:00:59,Толя,+447533375076,Фото
23/05/2018,17:01:27,Толя,+447533375076,Фото
23/05/2018,17:02:10,Толя,+447533375076,Фото
23/05/2018,17:03:02,Толя,+447533375076,Фото
23/05/2018,17:04:58,Толя,+447533375076,Фото
23/05/2018,17:06:24,Толя,+447533375076,Фото
23/05/2018,17:07:04,Dima,+380639527505,Клас(like)
23/05/2018,17:07:20,Dima,+380639527505,(heart)
23/05/2018,17:09:16,Толя,+447533375076,Фото
23/05/2018,17:09:56,Толя,+447533375076,Фото
23/05/2018,17:09:58,Dima,+380639527505,(smiley)(smiley)(smiley)(smiley)(smiley)(inlove)(inlove)(inlove)(inlove)(inlove)(teeth)(teeth)(teeth)(teeth)(wink2)(wink2)(wink2)(teary)(teary)(teary)(heart)(heart)(yellow_heart)(yellow_heart)(blue_heart)(blue_heart)(orange_heart)(orange_heart)(black_heart)(black_heart)(diamond)(diamond)(diamond)
23/05/2018,17:11:06,Толя,+447533375076,(smiley)(smiley)(wink)(wink)(wink)(wink2)(angel)(angel)(yellow_heart)(spiderman)(cool)(cool)(cool)(like)(like)(like)(rockon)(rockon)(rockon)(rockon)(rockon)(rockon)(rockon)(rockon)(muscle)(muscle)(muscle)(muscle)
23/05/2018,17:11:25,Dima,+380639527505,(smiley)(smiley)(wink)(wink)(wink)(wink2)(angel)(angel)(yellow_heart)(spiderman)(cool)(cool)(cool)(like)(like)(like)(rockon)(rockon)(rockon)(rockon)(rockon)(rockon)(rockon)(rockon)(muscle)(muscle)(muscle)(muscle)
23/05/2018,17:11:38,Толя,+447533375076,Фото
23/05/2018,17:11:48,Dima,+380639527505,Розумна в нас розмова
23/05/2018,17:51:45,Dima,+380639527505,Толь ти напевне все в тому магазині купити хочеш😁
23/05/2018,17:57:45,Толя,+447533375076,майже так
